Link to application bundle,Application ID,,E2. County Mapping,E3. Priority Value Chain,IF OTHER PVC Which one?,E4. Minimum Financial Evidence,E5. Consent & Contactability,REASON(Evaluators Comments),A3.1 Registration & Track Record,Logic,A3.2 Financial Position,Logic,A3.3 Market Demand & Competitiveness,Logic,A3.4 Business Proposal / Growth Viability,"vague plans, no detailed targets, unclear sourcing",A3.5 Value Chain Alignment & Role,Logic,A3.6 Inclusivity & Sustainability,Logic,"DQ1: Fraudulent documents or misrepresentation → Immediate disqualification.
P1: Major data inconsistencies or unresolved anomalies → –5 points (applied to total).
P2: Non-cooperation in verification → –3 points or DQ if persistent.
","Tier 1 – Clusters functioning as integrated businesses (e.g. cooperatives or consortia that jointly market or aggregate their members’ output).
Tier 2 – Clusters where member MSMEs operate more independently and the cluster is less integrated, indicating capacity gaps in joint operations. 
",A3.1,A3.2,A3.3,A3.4,A3.5,A3.6,A3.1,A3.2,A3.3,A3.4,A3.5,A3.6,TOTAL,Equity Points,Penalty Points,Sum of weighted scores - Penalty(if any),Ranking from composite score,
application_KJET-20251229171110-PYGB_with_attachments_2026-01-13_17-18-41,Applicant_KJET-20251229171110-PYGB,CS/957,BARINGO,Dairy,,yes,yes,All requirements met,5,"Registered in 1963, and has active governance",5,"Turnover of more than 10M, and positive 2 year trend",4,has 3 channels of sales including didgital marketing,3,has a clear direction but no budget,5,within and outside.,4,has youth and atleast 30% of the board of directors are women with at least 3 green practices.,,Tier 1,100,100,80,60,100,80,10,20,16,15,15,8,84,,0,84,1,
application_KJET-20251231190016-T0JM_with_attachments_2026-01-13_17-19-56,Applicant_KJET-20251231190016-T0JM,CS/969,BARINGO,Dairy,,yes,yes,All requirements met,5,registered since 1963 as aco-operative,5,has a turnover of more than 10M,4,has  regular channel of sales including digital marketing.,3,clear plan but no budget,5,"priority value chain that includes aggregation,processing and value addition of milk",4,has both youth and women with some aspect of green practices.,,Tier 1,100,100,80,60,100,80,10,20,16,15,15,8,84,,0,84,1,
application_KJET-20251231132604-IIRS_with_attachments_2026-01-13_17-18-17,Applicant_KJET-20251231132604-IIRS,CS/5114,BARINGO,Coffee,,yes,yes,All requirements met,5,registered since 1988 as a cooperative society,3,has turnover more than 1M,5,has multiple sales channel,3,clear plan but no budget,5,priority value chain aggregating milk and processing,4,has both youth and women with some aspect of green practices.,,Tier 1,100,60,100,60,100,80,10,12,20,15,15,8,80,,0,80,2,
application_KJET-20251231214405-HRDX_with_attachments_2026-01-13_17-18-11,Applicant_KJET-20251231214405-HRDX,PVT-6LUK5AX2,BARINGO,OTHER,beekeeping and honey processing,yes,yes,All requirements met,4,registered as a company in 2025,4,has a turnover of more than 5M,4,has  regular channel of sales including digital marketing.,3,clear plan but no budget,5,"the group is involved in the entire value chain including production and value addition,processing",4,has both youth and women with some aspect of green practices.,,Tier 2,80,80,80,60,100,80,8,16,16,15,15,8,78,,0,78,3,
application_257_bundle.zip,Applicant_257,CS/2134,BARINGO,Dairy,,Income Statements,725891312,A cooperative with verifiable registration,5,Registered for over 30 years,3,"1–5M turnover, stable but thin profitability",4,"Consistent sales, mixed channels, plans for expansion but limited defensibility yet",4,"Clear, time-bound vision, but with gaps in financial detailing",4,Clear role with upstream & downstream linkages,4,"Strong gender/youth + green practices, no PWD",,Tier 1,100,60,80,80,80,80,10,12,16,20,12,8,78,,0,78,3,
application_KJET-20251231134600-57MO_with_attachments_2026-01-13_17-18-15,Applicant_KJET-20251231134600-57MO,PLC-2JS732,BARINGO,Coffee,,yes,yes,All requirements met,4,registered in 2021,2,has a turnover less than 1M,5,has a regular local and export sales channel,3,clear plan but no budget,3,priority value chain with week linkages,4,has both youth and women with some aspect of green practices.,,,80,40,100,60,60,80,8,8,20,15,9,8,68,,0,68,14,
application_KJET-20251229181901-RMCS_with_attachments_2026-01-13_17-28-33,Applicant_KJET-20251229181901-RMCS,CS/7971,BOMET,Dairy,,Yes,Yes,"All requirements met, within PVC, valid registration cert, provided contacts",5,Registered in 1996. Strong governance structure with board and management.,5,Verified financial statements show turnover exceeding KES 10M annually with stable performance over three years,5,Established market,5,Detailed 5-year strategic plan with measurable targets,5,Strong upstream  and downstream  linkages.,4,Strong women/youth participation. Adopted multiple green practices,,Tier 1,100,100,100,100,100,80,10,20,20,25,15,8,98,,0,98,1,
application_442_bundle.zip,Applicant_442,"CS/16254
7.",BOMET,Dairy,,Bank account,727249168,Meets all elligibility criteria,5,Registered ≥3 years; stable governance,4,"Stable turnover (9–13M), improving profit",4,"Active B2B/B2C, MoU with processor",4,Clear plan and measurable targets,5,"Priority VC (Dairy), midstream aggregator",4,Gender/youth inclusion; solar plans,,Tier 1,100,80,80,80,100,80,10,16,16,20,15,8,85,,0,85,2,
application_KJET-20251231180334-6MBX_with_attachments_2026-01-13_17-25-20,Applicant_KJET-20251231180334-6MBX,CS/6780,BOMET,Tea,,Yes,Yes,"All requirements met, within PVC, valid registration cert, provided contacts",5,Registered since 1993,5,Turnover ≥ KES 10M; positive 2 yr trend,3,No digital marketplace channels in use.,4,no detailed costed budget or explicit risk mitigation plan provided.,4,Upstream and downstream linkages to factories and farmers documented,3,Low women/youth inclusivity,,Tier 1,100,100,60,80,80,60,10,20,12,20,12,6,80,,0,80,3,
application_KJET-20251216204409-W7LA_with_attachments_2026-01-13_17-26-07,Applicant_KJET-20251216204409-W7LA,CS/30094,BOMET,Edible Oils,,Yes,Yes,"All requirements met, within PVC, valid registration cert(2024), provided contacts",3,"Registered for <1yr, documented leadership structure",2,"Turnover <1M, sporadic records noted",4,"Consistent monthly orders, growing channels",4,Detailed 5-year strategic plan with measurable targets,5,aggregation and bulking role within the avocado value chain,4,Strong women/youth participation. Adopted 2 green practices,,Tier 1,60,40,80,80,100,80,6,8,16,20,15,8,73,,0,73,4,
application_KJET-20251223222003-W7XZ_with_attachments_2026-01-13_17-26-04,Applicant_KJET-20251223222003-W7XZ,CPR/2014/160052,BOMET,Textiles,,Yes,Yes,"All requirements met, within PVC, valid registration cert, provided contacts",5,Registered ≥3 years; functioning governance.,3,"Turnover 3M, provided bank statements",4,"Consistent monthly orders, growing channels",3,Clear direction but generic targets/budget.,5,Priority VC with clear node participation.,2,Female participation extremely low; ad-hoc green steps.,,Tier 2,100,60,80,60,100,40,10,12,16,15,15,4,72,,0,72,5,
application_KJET-20251224134753-G9QK_with_attachments_2026-01-13_17-26-02,Applicant_KJET-20251224134753-G9QK,CS/21860,BOMET,Dairy,,Yes,Yes,"All requirements met, within PVC, valid registration cert, provided contacts",5,Registered ≥3 years; functioning governance.,3,"Turnover between 2-3M, But negative trend noted in turnover",3,Stable demand but limited diversification,3,General growth direction but limited investment detail.,5,Direct role in priority value chain with aggregation and services.,4,Balanced gender participation + green practices.,,,100,60,60,60,100,80,10,12,12,15,15,8,72,,0,72,6,
application_KJET-20251230205142-VJBO_with_attachments_2026-01-13_17-31-18,Applicant_KJET-20251230205142-VJBO,CPR2012/78999,BUNGOMA,Edible Oils,,yes-balance sheet attached,yes-phone number and email adress given.,Private Company (CPR2012/78999) established in 2012  that deals with the processing of avocado oils,5,"Operating since 2012 (14 years). They possess a TVETA-registered training center, KEPHIS certification, and AFA registration. This is a mature, high-compliance entity.With an organized leadership(chairperson
ceo
manager)",3,"Turn Over for 2022 is KSH 2,091,468 while that for 2023 is KSH2,224,267 this shows that there is a positive trend for their sells.",3,They have a signed contract with Natural Harvest LLC (USA) for 90 tons/month. Their strategy of using reject fruits (40% of Kenya's crop) solves a massive market failure while lowering raw material costs.No online market involved.,3,"The proposal to acquire the Amenduni REX 250 Decanter from Italy is a game-changer. Their integration of solar water systems, 3-phase power readiness, and fiber connectivity shows they are shovel-ready for industrialization.No budget allocated.",5,"Edible oils are a top KJET priority to reduce Kenya's import bill,this association deals with processing of avocado oils and selling them as ready oil for cook to their consumers.There is both dowstream and upward linkages.",4,"Shammah Agribiz has 20% Director shareholding owned by a woman and 30% out of the Board members are
women i.e 3 out of 7 board members.Their green initiatives are world-class: converting waste into biogas (30% power saving), solarized boreholes, and a planned partnership for avocado-based bio-plastics.",,Tier 2,100,60,60,60,100,80,10,12,12,15,15,8,72,,0,72,1,
application_KJET-20251231180510-MWKV_with_attachments_2026-01-13_17-31-08,Applicant_KJET-20251231180510-MWKV,A6972,BUNGOMA,Coffee,,yes-bank statement attached,yes-phone number and email adress given.,CBO (Reg. A6972) established in 2017 that deals with processing of coffee.,5,Registered since 2017,2,"Their end year cumulative sale for 2025 is KSH 295,170 ,there is a positive trend through out the year although the cumulative sale does not add up to 1M.",3,"They have a clear grasp of the different coffee grades available.Their B2C focus in local markets is a safe start, but their intent to target urban cafés and institutions shows a correct understanding of high-margin opportunities.No omline sale or international sales.",3,"Their equipment list is professional and spans the entire post-harvest cycle. Specifically, the inclusion of Moisture Meters and Raised African Drying Beds shows they prioritize quality control, which is the only way to fetch Specialty Coffee prices.They did not give exact figures for buying the equipments.",5,"main products include processed coffee, primarily clean green coffee
beans and parchment coffee, with smaller quantities of roasted and ground coffee for the local market. Sales of
processed coffee contribute approximately 65–70% of the organization’s annual turnover. Coffee processing and
value-addition services such as pulping, fermentation, washing, drying, grading, and basic packaging contribute
about 20%, while training, extension services, and community workshops on quality coffee production and
entrepreneurship account for the remaining 10–15%.

4. CONTACT INFORMATION
Primary contact details for follow-up and communication.",5,"80% of the members are women,all leaders are women,WONEP has adopted several environmentally friendly practices to ensure sustainable coffee production and
processing. The cluster promotes sun-drying on raised beds to reduce energy use and maintain coffee quality.
Water-efficient washing channels and wastewater management minimize water wastage and environmental
contamination. Coffee pulp and organic waste are composted to enrich soil naturally, while shade-grown coffee and
agroforestry practices help preserve soil fertility, prevent erosion, and support biodiversity. The cluster is exploring
solar-powered processing systems to reduce reliance on fossil fuels. Additionally, members adopt climate-smart
practices, including drought-tolerant coffee varieties, to build resilience against changing weather patterns. These
initiatives enhance environmental sustainability while improving product quality and community livelihoods",,Tier 1,100,40,60,60,100,100,10,8,12,15,15,10,70,,0,70,2,
application_KJET-20251229172858-OMWU_with_attachments_2026-01-13_17-31-19,Applicant_KJET-20251229172858-OMWU,CPR/2014/153487,BUNGOMA,Construction Materials,,yes-Balancesheet and bank statement attached,yes-phone number and email adress given.,"Company Limited by Guarantee (Reg. CPR/2014/153487) since 2014, that deals with building of construction materials.",5,"12 years of operational history. The transition from 34 to 65 members indicates strong community integration and scalability.Organized leadership(chairperson,secretary,treasurer)",3,"2019 Turn Over is KSH 1,581,798 while that of 2020 is KSH 1,531,783.There is a slight drop with the turn over though they have taken measures of improving it.",3,"They sell both B2B and B2C ,But luck any online sells.",3,Their focus on producing vibrated blocks and concrete fencing posts aligns with the housing boom in Western Kenya. They accurately identify the need for modern machinery to achieve consistent product quality.No budget written down.,4,"Constructions is one of the main Value Chain that is being evaluated,the only problem is that   they only do bricks making in small quantity.",3,"High youth involvement (49 out of 65 members are 18–35). While they mention SDGs and green technology, the application lacks specific details on how they reduce environmental impact (e.g., use of fly ash or recycled aggregates).",,Tier 2,100,60,60,60,80,60,10,12,12,15,12,6,67,,0,67,3,
application_KJET-20251226215407-ZHBI_with_attachments_2026-01-13_17-31-27,Applicant_KJET-20251226215407-ZHBI,DSD/39/217/01/74089,BUNGOMA,Dairy,,yes-mpesa statement and bank statement given.,yes-phone number and email address given,"Self Help Group (Reg. DSD/39/217/01/74089) since 2022 that deals with commercial production .of high-quality natural milk and the breeding of top-tier dairy heifers
under the zero grazing unit system.",4,3 years of doing business they have scaled from 3 to 10 members,2,"The paid out amount in the bank statement is KSH 602,446 which is way too low 1M threshhold.",3,"They are targeting high-value B2B clients (Colleges, Supermarkets, Hotels). Their strategy to compete with giants like Brookside through Green Leadership and AI Technology shows a modern, disruptive mindset.No any online market for their products.",4,"Their request for a ""lorry"" for a 10-member group may be premature given current revenue levels (KES 320k). However, their focus on a Milk Cooling Machine and Chaff Cutter is perfectly aligned with scaling their current zero-grazing operations.They have an unfinished budget.",3,Deal with milk production in large quantity.Planning to strt milk processing.,5,"They have implemented a comprehensive green stack: solar energy, biogas, rainwater harvesting, and drought-resistant fodder (Brachiaria). Their 60% female employment rate within a youth group is excellent",,Tier 1,80,40,60,80,60,100,8,8,12,20,9,10,67,,0,67,3,
application_KJET-20251222194917-NUXG_with_attachments_2026-01-13_17-31-29,Applicant_KJET-20251222194917-NUXG,DSD/39/220/01/144764,BUNGOMA,Dairy,,yes-mpesa statement attached,yes-phone number and email address given,Self Help Group (Reg. DSD/39/220/01/144764) established in 2017 that deals with dairy farming (milk production and processing),5,"Operating since 2017 with a steady membership increase (from 15 to 30) shows long-term sustainability and local trust.They also have a very organized structure(chairperson,secretary,treasurer).",2,"The Turn Over for 2025 is KSH 63,394 which is way below the 1M threshold.",3,"They have identified a sophisticated gap: the difference between crushed mash and Total Mixed Rations (TMR). By targeting the Dry Season Slump, they are solving the most critical problem for dairy farmers in Bungoma.their market is only in Bungoma,they do not have any market outside Bungoma neither do they have any online customers.",3,"They aren't just asking for machines ,they are asking for a Moisture Content Tester (to prevent aflatoxin) and a Vertical Mixer (to prevent selective feeding). Their target to triple production to 600kg/day is well-justified,their only problem is they do not have a concrete budget to buy the machines required.",3,"Dairy is a core priority for KJET, and feed represents the highest cost-center for dairy farmers,They manufacture, and process dairy feeds,they are still in the starting process but they have a potential to growth",5,"Strong female representation (26 out of 30 members).Their Green Practices focuses on Waste-to-Feed Upcycling, converting agricultural by-products (maize germ, oilseed cakes) into high-value protein, which prevents methane release from rotting crop residues.",,Tier 1,100,40,60,60,60,100,10,8,12,15,9,10,64,,0,64,5,
application_KJET-20251229133413-KPIF_with_attachments_2026-01-13_17-31-24,Applicant_KJET-20251229133413-KPIF,BN-GVCJLLMP,BUNGOMA,Edible Oils,,no-bank statement with very few transactions attached,yes-phone number and email adress given.,Private Company (Reg. BN-GVCJLLMP) established in 2010 used in sun flower processing.,5,Well established company(16 yrs in work) dealing with sun flower processing to oil.,1,"The bank statement given has only 5 days transaction for march 2025, this transacions can not be used to places the company financially.",3,"They correctly identify Oil Seed Cake (animal feed) as a 20% revenue stream, effectively running a zero-waste operation. While they face competition from giants like Bidco, their focus on local B2C (90%) and fresh/pure oil gives them a local competitive edge.No online market",3,The proposal highlights that their current technology is not seamless and suffers from breakdowns. Their growth strategy relies on moving from 1-ton to 3-ton daily capacity. They need a more detailed specification for the refining/purification stage to meet KEBS standards consistently. No budget,5,Edible oils are a high-priority sector for KJET and national food security.They process sun flower seeds to sun flower oil.,4,"50% women involved,50% youth involved Their Green Initiative includes agro-ecological farming and bio-char production,they did not say how this agro-ecological farming will help the environment.",,Tier 2,100,20,60,60,100,80,10,4,12,15,15,8,64,,0,64,5,
application_KJET-20251227114013-XMGQ_with_attachments_2026-01-13_17-33-53,Applicant_KJET-20251227114013-XMGQ,PVT-ZQULGMYB,BUSIA,Blue Economy,,yes,yes,all requirements available,5,registered in 2022 as a private company,2,turnover less than 1M.,4,has regular local channel of sale including digital marketing,3,clear plan with no budget,5,"priority value chain involving raw material procurement, processing, manufacturing, and distributing finished products to fish farmers,",4,has both youth and women with some green practices,,Tier 2,100,40,80,60,100,80,10,8,16,15,15,8,72,,0,72,1,
application_KJET-20251224112441-HVFJ_with_attachments_2026-01-13_17-34-10,Applicant_KJET-20251224112441-HVFJ,BN-6GCKAKMZ,BUSIA,Edible Oils,,yes,yes,all requirements available,5,registered as a business in 2020,2,turnover less than 1M.,3,has 2 regular local channel of sale,3,clear plan with no budget,5,priority value chain with production and processing,4,has both youth and women with some green practices,,Tier 2,100,40,60,60,100,80,10,8,12,15,15,8,68,,0,68,2,
application_391_bundle.zip,Applicant_391,CS/30494,BUSIA,Edible Oils,,Bank statement,726410740,Meets all criteria,3,Regestered for 1 year,2,turn over less than 1M,3,Regular local sales,4,Strong plan with minor gaps,4,clear node participation,5,Includes all the 3 factors,,Tier 1,60,40,60,80,80,100,6,8,12,20,12,10,68,,0,68,2,
application_KJET-20251211171416-F0ZL_with_attachments_2026-01-13_17-34-27,Applicant_KJET-20251211171416-F0ZL,BN-2RCAQJK,BUSIA,Textiles,,yes,yes,all requirements available,5,registered as a business in 2018,2,minimal transaction for the financial statement,4,regular local channel of sale,3,clear plan with no budget,3,priority value chain with weak linkages,4,has both youth and women with some green practices,,,100,40,80,60,60,80,10,8,16,15,9,8,66,,0,66,4,
application_KJET-20251208122736-W9KP_with_attachments_2026-01-13_17-34-33,Applicant_KJET-20251208122736-W9KP,CS/22093,BUSIA,Blue Economy,,yes,yes,all requirements available,5,registered since 2017,2,minimal transaction for the bank statement,3,regular channels of sale,3,clear plan with no budget,4,priority value chain with value addition,4,has both youth and women with some green practices,,,100,40,60,60,80,80,10,8,12,15,12,8,65,,0,65,13,
application_KJET-20251225155118-BGXM_with_attachments_2026-01-13_17-34-06,Applicant_KJET-20251225155118-BGXM,CS/25236,BUSIA,Rice,,yes,yes,all requirements available,5,registered since 2020,1,minimal and irregular transactions,3,has 2 regular local channel of sale,3,clear plan with no budget,5,priority value chain involved in aggregation and selling the rice,4,has both youth and women with some green practices,,Tier 1,100,20,60,60,100,80,10,4,12,15,15,8,64,,0,64,6,
application_KJET-20251231113825-QSYQ_with_attachments_2026-01-13_17-38-04,Applicant_KJET-20251231113825-QSYQ,cs/22222,ELGEIYO MARAKWET,Dairy,,YES,YES,All requirement met.,5,2017,4,Mostly Stable,4,consistent orders,4,strong plan,3,potential to upgrade,5,50% women,,Tier 1,100,80,80,80,60,100,10,16,16,20,9,10,81,,0,81,1,
application_KJET-20251224201602-MYUG_with_attachments_2026-01-13_17-38-33,Applicant_KJET-20251224201602-MYUG,946,ELGEIYO MARAKWET,Dairy,,YES,YES,All requirement met.,5,1966,4,Mostly Stablle,4,consistent orders,3,clear direction,4,clear node,3,moderate inlusion,,Tier 1,100,80,80,60,80,60,10,16,16,15,12,6,75,,0,75,2,
application_KJET-20251224190934-4WCP_with_attachments_2026-01-13_17-38-39,Applicant_KJET-20251224190934-4WCP,4061,ELGEIYO MARAKWET,Leather,,YES,YES,All requirement met.,5,1984,4,Mostly Stable,4,consistent orders,2,vague plan,4,clear node,4,high participation,,Tier 1,100,80,80,40,80,80,10,16,16,10,12,8,72,,0,72,3,
application_KJET-20251224095636-M1X3_with_attachments_2026-01-13_17-38-45,Applicant_KJET-20251224095636-M1X3,PVT-GYUQQ5R3,ELGEIYO MARAKWET,Textiles,,YES,yes,All requirement met.,5,2021,3,Stable,3,1 channel,2,unclear resourcing,4,clear node,5,50% women,,Tier 2,100,60,60,40,80,100,10,12,12,10,12,10,66,,0,66,4,
application_KJET-20251223143401-PJUE_with_attachments,Applicant_KJET-20251223143401-PJUE,CS/8565,ELGEYO MARAKWET,Dairy,,YES,YES,All requirement met.,5,1984,4,Mostly Stable,4,consistent orders,1,aspirational,4,some linkage,3,moderate inlusion,,Tier 1,100,80,80,20,80,60,10,16,16,5,12,6,65,,0,66,4,
application_KJET-20251223165149-MBPJ_with_attachments_2026-01-13_17-38-48,Applicant_KJET-20251223165149-MBPJ,CS/5239,ELGEIYO MARAKWET,Coffee,,YES,yes,All requirement met.,5,1988,2,< 1M,3,1 channel,2,vague plan,4,clear node,4,high participation,,,100,40,60,40,80,80,10,8,12,10,12,8,60,,0,60,#N/A,
application_KJET-20251229095154-Z2BN_with_attachments_2026-01-13_17-43-30,Applicant_KJET-20251229095154-Z2BN,29843872,EMBU,Dairy,,no-Balance sheet showing the companies expenses.,yes-phone number and email address written,Private Company (Reg. 29843872) established in 2017 that deals with dairy farming.,5,Mature organization (7+ years) with a proven ability to scale. They have grown their farmer base from 400 to 800 in just two years.,1,The balance sheet shows their expenses instead of the Turn Over,5,"30% of their revenue comes from exports to East Africa. They are not just competing locally with KCC; they are playing in the artisanal, high-margin international market",3,"Unlike other clusters asking for machines for themselves, Browns is asking for support for their suppliers (the farmers). They recognize that their growth is capped by the quality of raw milk. However, the specific machinery for farmers isn't detailed in the cost breakdown",5,"Perfect alignment with the Dairy priority sector, with a specific emphasis on high-value-addition (cheese)",5,"They have employed a dedicated agroecologist. Their focus on regenerative agriculture and climate resilience for dairy farmers is the ""gold standard"" for KJET’s green mandate.4 of 10 members are female amd 8 are young people.",,Tier 2,100,20,100,60,100,100,10,4,20,15,15,10,74,,0,74,1,
application_KJET-20251222120130-MQFL_with_attachments_2026-01-13_17-43-40,Applicant_KJET-20251222120130-MQFL,PVT-27U5DDM2,EMBU,Tea,,yes-an mpesa statement attached,yes-phone number and email address written,"Private Company (PVT-27U5DDM2) established in 2023 that deals with tea farming and processing,",4,"Regestered since 2023 with a very good transitioned from 0 to 5 employees in a year, showing rapid early-stage scaling.They also have very structured governance (chairperson,secretary,treasurer).",2,"Revenue of KES 105k annually is quite low for a registered company. However, their profit margin is approximately 13%.",3,They are targeting health-conscious consumers and positioning themselves against giants like Coca-Cola. Their strategy to move into supermarkets via MSEA and partner with the University of Embu for research is highly advanced for an enterprise of this size.,4,"They aim for a KES 20M turnover by 2026. Their equipment needs (fermentation tanks, pH meters, alcohol meters) are technically correct for ensuring the safety and consistency required for KEBS/KRA compliance",5,"High-value alignment. They take traditional Kenyan exports (Tea/Coffee) and process them into a secondary product (Kombucha), significantly increasing the price per unit",5,"100% of the membership is under 35. They meet all women-owned criteria. Their sustainability practices (recycling bottles, chemical-free fermentation, and 1,000+ indigenous trees planted) are excellent",,Tier 1,80,40,60,80,100,100,8,8,12,20,15,10,73,,0,73,2,
application_KJET-20251231140011-KSIK_with_attachments_2026-01-13_17-43-25,Applicant_KJET-20251231140011-KSIK,1847,EMBU,OTHER,"intergarted apiculture, value addition and environmental conservation activities across the honey value chain.
production and bulking of honey and harvesting of other hive products. manufacture hives",yes-Balance sheet attached,yes-phone number and email address written,"MSME Association (Reg. 1847) established in 2023. that deals with intergarted apiculture, value addition and environmental conservation activities across the honey value chain.
production and bulking of honey and harvesting of other hive products. manufacture hives",4,"established in 2023, they have demonstrated explosive growth, moving from 28 to 182 members in one year. Their partnership with government facilities (Kamburu Dam) shows strong institutional standing",2,"Closing balance for 2025 is KSH 858,521 which is below 1M , but they have a consistence increase in their sells.",3,They are not just selling honey; they are manufacturing hives and targeting B2B markets like herbal medicine producers. Their Gitaru Premium trademarking strategy is industry-leading.,5,Their KES 9M investment plan is one of the most detailed submitted. The shift toward recycled plastic and composite-wood hives is a brilliant cost-reduction and sustainability move that solves the local timber shortage.,0,Not in any priority VC they deal with bee keeping and honey harvesting.,5,"Their membership includes 69 women and 23 youth, meeting all inclusivity mandates. The use of recycled plastic for hives is a textbook example of a circular economy.",,Tier 2,80,40,60,100,0,100,8,8,12,25,0,10,63,,0,63,3,
application_KJET-20251215184602-UYQY_with_attachments_2026-01-13_17-43-47,Applicant_KJET-20251215184602-UYQY,1533,EMBU,Textiles,,yes-bank statement attached,yes-phone number and email address written,MSME Association (Reg. 1533) established in 2023 that deals with cloth making.,4,"Established in 2023(3 years of existence) they have doubled their employee count  from 10 to 20 in this time.They have a well structured leadership(chairperson,secretary,treasurer).",1,The bank statement given has transactions on for 7 months with a Turn Over of KSH 1800 as at DEC 2025.This transactions are too little to position this association financially since the transactions are not for 12 months.,3,"They currently serve a local B2C market. Their plan to pivot toward schools and churches (institutional B2B) is the correct growth move, but they currently lack the standardized quality to compete with larger factories in Thika or Nairobi and they also lack the online selling site.",3,"Their problem statement is excellent. They accurately identify their weaknesses: manual processes, weak branding, and lack of standardized pricing. Their plan to invest in embroidery and overlock machines is essential for professional-grade school uniforms,their only problem is they lack the exact budget on the investments of machines.",5,"Perfect alignment with the Textiles priority sector. They are focused on the ""Cut-Make-Trim"" (CMT) stage of the value chain they have also documented their upstream and downstream linkages.",4,"100% Women-Owned and Operated.  Their Tree Planting"" initiative is a basic green practice but lacks direct linkage to their textile waste",,Tier 2,80,20,60,60,100,80,8,4,12,15,15,8,62,,0,62,4,
application_KJET-20251221164905-LC0X_with_attachments_2026-01-13_17-43-44,Applicant_KJET-20251221164905-LC0X,DSD/14/64/01/141429,EMBU,Blue Economy,,yes- a bank statement attached,yes-phone number and email address written,Registered SHG (DSD/14/64/01/141429) since 2019 that deals with fish farming.,5,"5 years of operation. They have grown their membership steadily from 30 to 43, indicating sustained community engagement and trust.They also have a well organised leadership(chairperson,secretary,treasurer).",2,Turn over for 2024 was KSH 249760 which is less than the 1M threshold.,3,"By producing fish meal (the biggest cost in aquaculture), they are highly competitive. Their focus on the Central and Eastern regions shows a clear understanding of the high demand for fish in non-coastal regions in Kenya.They do not have any online market.",3,Their request for an extruder and mixer is the exact technical requirement for high-quality floating fish pellets. Moving from mash to extruded pellets significantly improves fish growth rates and reduces water pollution.The only problem is they did not give the actual budget for the changes they want to make.,5,"Perfect alignment with the Blue Economy priority sector, which is a key focus for food security and high-protein production.",,,,Tier 1,100,40,60,60,100,0,10,8,12,15,15,0,60,,0,60,5,
application_KJET-20260101000259-NFA8_with_attachments_2026-01-13_17-43-22,Applicant_KJET-20260101000259-NFA8,39475,EMBU,Dairy,,no-unofficiall cashbook attached,yes-phone number and email address written,Community Based Organization (Reg. 39475) since 2017 that deals with dairy farming.,5,"9 years of operation demonstrates resilience. They have successfully scaled their membership from 121 to 262 in two years, showing high community trust.",1,The cash flow statement given does not contain any official stamp to verify it is legit not forged.,3,80% of sales are B2B (Zawadi Dairies). Their unique selling proposition—paying farmers twice a month and offering credit for foodstuffs—is a powerful tool for member retention against larger cooperatives,3,"The request for a 2,000-liter solar-powered cooler is a strategic triple-win: it reduces post-harvest losses (their biggest challenge), lowers electricity overheads, and meets green energy criteria.No budget",3,Dairy is a core priority sector in this evaluation.The only problem they do not do any milk processing,4,"Nearly 50% of the 2024 membership is female (120 out of 262). While they noted none under specific green initiatives, their proposal to use solar cooling is a major environmental upgrade.",,,100,20,60,60,60,80,10,4,12,15,9,8,58,,0,58,#N/A,
application_356_bundle.zip,Applicant_356,ASS-FB144OA,GARISSA,Construction Materials,,Bank statements,726512105,aligned to construction value chain,4,has been legally registered for 2 years,1,there is thin evidence of the financial position,5,there are multichannels of sale,4,strong with minor gaps,5,priority VC with strong up and downstream linkages,3,there is moderate inclusion of the youth and low inclusion for the women,,Tier 1,80,20,100,80,100,60,8,4,20,20,15,6,73,,0,73,1,
application_KJET-20260102201214-IS0U_with_attachments_2026-01-13_17-45-49,Applicant_KJET-20260102201214-IS0U,OP.218/051/13-0154/8912,GARISSA,Textiles,,No,Yes,Financial statement is not for the last 12 months. The most recent financial record is from September 2024,5,"Registered for a little over 12 years, governance structure present",3,"Turnover less than 1 million, evidence provided is not recent and does not match data in the application form",3,Regular local sales through one channel,3,Clear plan with generic targets,5,"Processes raw materials into woven finished products, and does branding and dying of the same, has both upward and downward linkages",3,Above 50% women with intent forgreen practices,,Tier 1,100,60,60,60,100,60,10,12,12,15,15,6,70,,0,70,2,
application_KJET-20251225175204-HNEE_with_attachments_2026-01-13_17-46-30,Applicant_KJET-20251225175204-HNEE,CS/28645,GARISSA,Textiles,,Yes,Yes,All requirements met,4,Registered for 2.5 years with good governance,2,Turnover is less than 1 million,3,Regular local sales through one channel,3,Clear plan with generic targets,5,Source raw materials and process them into textile products,5,Above 50% youth and women and more than 2 green practices,,Tier 1,80,40,60,60,100,100,8,8,12,15,15,10,68,,0,68,3,
application_KJET-20251224193254-LOB9_with_attachments_2026-01-13_17-46-33,Applicant_KJET-20251224193254-LOB9,ASS-6A018E7,GARISSA,Construction Materials,,No,Yes,Financial statement is only 6 months,5,Registered for 4 years with a governance structure,1,Thin evidence,3,Regular local sales,3,Clear direction with generic targets,5,"Fabrication of construction materials, then supply to plublic and local sectors",5,Above 50% youth and more than 2 green practices,,Tier 2,100,20,60,60,100,100,10,4,12,15,15,10,66,,0,66,4,
application_KJET-20260102170250-NBSD_with_attachments_2026-01-13_17-46-04,Applicant_KJET-20260102170250-NBSD,GSA/F/CD/2/1126/2022,GARISSA,Leather,,No,Yes,Financial statement locked,5,"Registered for more than 3 years, with governance",0,Unverifiable financial statement,3,Regular local sales in one,2,"Vague plan, unclear resourcing",5,Process leather into leather products like shoes and belts,3,"More than 50% female, but no green practices",,Tier 1,100,0,60,40,100,60,10,0,12,10,15,6,53,,0,53,6,
application_KJET-20260102175300-QN75_with_attachments_2026-01-13_17-45-59,Applicant_KJET-20260102175300-QN75,CS/29242,GARISSA,OTHER,Livestock,No,Yes,Financial statement is only 1 month,5,"Registered in 2023, with a functioning governance structure",1,Minimal transactional evidence,4,"Livestock trading: camels, sheep, goats, cows. 85% B2B, 15% B2C (both ""local community""). Competes with Bara Mari SACCO. Trust, fair pricing, reliable delivery emphasized. Drought challenges",2,"Vague plan: ""wider North Eastern markets"", ""online marketing"", ""quality livestock"". No costed budget. Needs: transport, office equipment, infrastructure, veterinary services, fodder systems",3,Livestock trading (OTHER - not priority VC). Aggregation/trading: procurement from local farmers → transport → sales to local community. No processing/value addition. Drought-vulnerable,3,"40% women ownership, women Director/Treasurer. Drought-resistant crops, boreholes, rain harvesting (in process). Fodder systems planned",,,100,20,80,40,60,60,10,4,16,10,9,6,60,5,0,60,15,
application_KJET-20251203161554-VZHT_with_attachments_2026-01-13_17-49-34,Applicant_KJET-20251203161554-VZHT,PVT-6LU55VY,HOMABAY,Blue Economy,,Yes,Yes,Requirements met,5,Registered in 2019 with governance structure with defined leadership roles and significant expansion in employment from 56 members (2022) to 140 (2024).,5,"Positive trend, cashflow statements provided",5,"Contracts with major supermarket chains, wholesale buyers, 80%B2B sales",4,Clear investment plan and measurable targets indicate high growth readiness,5,"Participates in the VC from hatchery, cage farming, processing, distribution and retail",3,Moderate inclusion,,Tier 2,100,100,100,80,100,60,10,20,20,20,15,6,91,,0,91,1,
application_347_bundle.zip,Applicant_347,SPR/2015/180004,HOMABAY,Construction Materials,,Mpesa statement,729537082,All requirements met and satisfied,5,Formally registered since 2015 → 10 years track record. Consistent operations in construction sector. Well-structured leadership team.,4,2022 turnover = 1.2M → 2023 turnover = 1.45M → 2024 turnover = 1.3M.,4,"Operates in construction, high-demand sector.Competitors: Smart Moves Construction & other contractors.Differentiates with good planning, loyalty, staff relations.However, faces stiff competition & limited marketing.Solid but not dominant.",4,"Clear objectives: job creation, HIV awareness (CSR). to invest in machinery (cranes, mixers, vibrators). Marketing expansion via social media advertising.",3,No strong aggregation or integration features (standard contracting).,3,"Tree planting, grass planting, irrigation adoption. Relevant but not deeply embedded in construction operations (mostly CSR/environmental add-ons)",,Tier 2,100,80,80,80,60,60,10,16,16,20,9,6,77,,0,77,2,
application_KJET-20251120191356-5TTO_with_attachments_2026-01-13_17-49-38,Applicant_KJET-20251120191356-5TTO,KA/KOW//CBCO//592,HOMABAY,Dairy,,Yes,Yes,Requirements met,5,Registered in 2019 with an active governance,1,"Turnover less than 1M, with irrelevant transactions",3,Has established local markets supplying milk bars and local consumers with 70% B2C and 30% B2B. The business demonstrates understanding of competitors and market opportunities and has begun expanding to institutions such as schools and hospitals.,4,"Clear targets including production growth, cost reduction, and market expansion. Planned investments in milk cooling equipment, processing facilities and transport demonstrate realistic growth intentions supported by existing production capacity.",5,"Participates in feed production, milk production, processing, and distribution.",4,"Significant inclusion and sustainable practices such as composting manure, solar-powered systems and fodder production",,,100,20,60,80,100,80,10,4,12,20,15,8,69,,0,69,#N/A,
application_KJET-20251230235437-A2UR_with_attachments_2026-01-13_17-49-11,Applicant_KJET-20251230235437-A2UR,No. 0006977,HOMABAY,OTHER,Agro-processing (Groundnuts),Yes,Yes,Requirements met,5,"CBO established in 2021, inidicates active governance",1,Minimal transactions with thin evidence,3,"2 channels including digital channels, demands exist mostly informal markets",4,Growth strategy is practical and aligned with market expansion. Business development  needs clearly articulated.,5,"Participates in procurement from smallholder farmers, processing activities, packaging and sales to local markets",4,"High participation, with green practices",,Tier 1,100,20,60,80,100,80,10,4,12,20,15,8,69,,0,69,3,
application_KJET-20251230091803-OWSZ_with_attachments_2026-01-13_17-49-13,Applicant_KJET-20251230091803-OWSZ,DSD/43/245/01/149553,HOMABAY,OTHER,Apiculture,Yes,Yes,Requirements met,5,"Registered in 1998, demonstrating governance and membership growth over the years",1,"Thin evidence, not varifiable",3,"Clear demands exists, channels remain local",3,"Plans show practical direction and understanding of market requirements, but no finance and investement projections",5,"Strong participation through raw honey collection from farmers, processing activities, packaging and training beekeepers",5,"Equal participation of women, men and youth, with green practices such as tree planting, bee friendly vegetation and pollination support",,Tier 1,100,20,60,60,100,100,10,4,12,15,15,10,66,,0,66,5,
application_KJET-20251231235913-KBGE_with_attachments_2026-01-13_17-49-06,Applicant_KJET-20251231235913-KBGE,DSD/43/250/02 /105964,HOMABAY,Textiles,,Yes,Yes,Requirements met,5,"Registered in 2021, with a functioning governance",,No financial evidence,3,"Strong B2B market focus (70% sales to events, hotels, institutions). B2C contributes 30%, via fashion enthusiasts and culture buyers.",4,"Clear expansion plan with clear targets, support for business development",4,"VC production, handicrafts, Supports backward linkages through locally sourced materials",3,Low inclusion as more are women,,Tier 1,100,0,60,80,80,60,10,0,12,20,12,6,60,,0,60,6,
application_KJET-20251229135721-2AAK_with_attachments_2026-01-13_17-52-08,Applicant_KJET-20251229135721-2AAK,DSD/11/49/01/139179,ISIOLO,Construction Materials,Collection of sand from riverbanks and processing into bricks and concrete poles,Yes (Verified Bank statements 2024-2025),Yes,All requirements met,5,"Registered in 2008, structures in place",3,"Turnover stated as 1-5M, stable one income statement",4,"Has 2 channels, and a digital marketplace",3,"Clear direction and generic targets, no  costed budget",5,"Priority VC, collection of sand and bricks fabrication",5,"50% female owned and youth inclusivity, 3 implemented green practices",,Tier 1,100,60,80,60,100,100,10,12,16,15,15,10,78,,0,78,1,
application_KJET-20251230120439-T9OQ_with_attachments_2026-01-13_17-52-00,Applicant_KJET-20251230120439-T9OQ,ISI/HUD/CBO/1304/2019/20/398,ISIOLO,Dairy,"Aggregation, distribution and value addition of milk into yogurt","No (word document, cashflow statement)",Yes,Unverifiable document -word,5,"Registered in 2019, structures in place",2,"Turnover less than 1M, sporadic recrds (typed income statemnt no stamp/signature)",4,Has 3 channels including a digital marketplace,4,"Strrong plan, minor gaps in targets, no costed budget",5,"Priority VC from production, aggregation to processing and distribution of end products",4,"50% youth inclusion moderate 30% female inclusion, several green practices",,Tier 1,100,40,80,80,100,80,10,8,16,20,15,8,77,,0,77,2,
application_KJET-20251223132724-CR6L_with_attachments_2026-01-13_17-52-11,Applicant_KJET-20251223132724-CR6L,CS/23792,ISIOLO,Edible Oils,Sunflower farming and processing of end products,Yes (Verified Bank statements 2022-2024),Yes,All requirements met,5,"Registered in 2019, structures in place",2,"Turnover indicated as <1M in 2024, but less than 1M in pevious years with an incositency in 2023, evidence of Bank statements",4,"Has 2 channels, and a digital marketplace, basic quality assurance",3,"Clear direction and generic targets, no  costed budget",5,"Priority VC, Farming production and processing",5,"50% female and youth inclusion, several green practices",,Tier 1,100,40,80,60,100,100,10,8,16,15,15,10,74,,0,74,3,
application_KJET-20251229180556-JNWK_with_attachments_2026-01-13_17-52-06,Applicant_KJET-20251229180556-JNWK,CS/24975,ISIOLO,Dairy,"Aggregation, distribution and value addition of camel milk",Yes (verified bank statement 2022-2024),Yes,All requirements met,5,"Registered in 2020, clear structures in place",1,"Thin financial evidence, Income statemnts 200k but total revenue indicated as more than 10M with similar figures for 2023 and 2024 and in 2022 total revenue higher than profit,,,)",4,Has 3 channels including a digital marketplace,3,"Clear direction and generic targets, no  costed budget",5,"Priority VC from  aggregation and production to processing and distribution of end products, direct linkages",4,"50% youth inclusion, moderate female inclusion, 3 implementedgreen practices",,Tier 1,100,20,80,60,100,80,10,4,16,15,15,8,68,,0,68,4,
application_KJET-20251230162029-KAPH_with_attachments_2026-01-13_17-51-54,Applicant_KJET-20251230162029-KAPH,CS/13834,ISIOLO,Dairy,Aggregation processing and distribution,No(verified bank statements less than 12months),Yes,Statement less than 12 months,5,egistered in 2011,1,"Turnover less than 1M (less than 100k) thin evidence, minimal transactions",4,Has 3 channels including a digital marketplace,3,"Clear direction and generic targets, no  costed budget",5,Priority value chain from production to processing,4,"female owned. >50% female inclusion, moderate youth and several green practices",,Tier 1,100,20,80,60,100,80,10,4,16,15,15,8,68,,0,68,4,
application_KJET-20251230144712-RIVO_with_attachments_2026-01-13_17-51-57,Applicant_KJET-20251230144712-RIVO,ISI/HUD/CBO/1304/2010/76,ISIOLO,OTHER,Poultry,Yes(bank statement),Yes,All requirements met,5,Registered in 2010,2,"Turnover less than 1M, sporadic recrds (positive 2 year trend, inconsistent in 2024... 7M iturnver in 2024)",4,Has 2 channels and a digital marketplace,3,"Clear direction and generic targets, no  costed budget",2,"Not a priority value chain, production,processing and distribution of poultry products",5,">50% female and youth participation, several green practices",,,100,40,80,60,40,100,10,8,16,15,6,10,65,,0,65,#N/A,
application_KJET-20251218104136-STPO_with_attachments_2026-01-13_17-55-01,Applicant_KJET-20251218104136-STPO,PVT-3QUEA55,KAJIADO,Rice,"Sourcing milled rice from millers, value addition through quality inspection, repacking, market lineage and distribution.",Yes (financial statement 2024),Yes,All requirements met,5,Registered in 2020,5,"Turnover >10M, one statement attached (slight inconsistency in 2023 application form, could be a typo) positive 2 year trend",4,has 3 channels including a digital marketplace,5,"Strong plan, minor gaps in targets, mention of one financial target",5,"Priority VC, aggregation from local farmers and value addition through quality assurance",4,"female owned, high inclusivity of females and youth. Various green practices",,Tier 2,100,100,80,100,100,80,10,20,16,25,15,8,94,,0,94,1,
application_KJET-20251229160117-OZUX_with_attachments_2026-01-13_17-54-15,Applicant_KJET-20251229160117-OZUX,PVT-MKUE5KL,KAJIADO,Construction Materials,Recycling waste into construction inputs,Yes (bank statement 2024/25),Yes,All requirements met,5,Registered in 2018,4,Turnover indicated as 5-10M in 2024 (statement doesn't verify figures balance =600k),5,multiple channels including export and digital marketplaces,5,Detailed plans with reference costed budget on buying selling and gross profit margins,5,Priority VC; value addition from waste to end product,5,">50% female and youth inclusion, several green practices",P1,Tier 2,100,80,100,100,100,100,10,16,20,25,15,10,96,,5,91,2,
application_KJET-20251231130502-BYOW_with_attachments_2026-01-13_17-54-08,Applicant_KJET-20251231130502-BYOW,C-99007,KAJIADO,Minerals,Mineral extraction and processing,Yes (full income statement upto 2024),Yes,All requirements met,5,Registered in 2002,5,"Turnover >10M (60M); verified income statements, positive 2yr trend",3,has 2 channels no digital marketplace,5,"Strong plan, detailed targets costed budget",5,"Priority VC, value addition and distribution, documented linkages",1,"No evidence/ data on employees, several green practices",,Tier 2,100,100,60,100,100,20,10,20,12,25,15,2,84,,0,84,3,
application_KJET-20251231153936-G4UQ_with_attachments_2026-01-13_17-54-06,Applicant_KJET-20251231153936-G4UQ,LGT/SHG/5/4/2013(1171),KAJIADO,Leather,Leather processing and value addition,No,Yes,form of financial evidence other than financial statement,5,Registered in 2013,1,"Turnover >10M from application, thin evidence no statement or balance sheet",4,has 3 channels including a digital marketplace,5,"Strong plan, detailed targets and challenges, costed budget",5,"Priority VC, value addition, documented linkages including export",5,"100% female run, moderate youth inclusivity, several green practices",P1,Tier 1,100,20,80,100,100,100,10,4,16,25,15,10,80,,5,75,,
application_KJET-20251229183317-92PQ_with_attachments_2026-01-13_17-54-13,Applicant_KJET-20251229183317-92PQ,CPR/2013/97849,KAJIADO,OTHER,Tomato farming and selling,Yes (bank statements 2022/5),Yes,All requirements met,5,"Registered in 2013, basic structure in place",4,"Turnover 5-10M, bank statements attached",3,"Regular local sales, 1 channel",4,"Strong plan, minor gap no costed budget",2,"Not a Priority VC, peripheral role, minimal value addition",5,">50% female and youth inclusion, 2+ green practices",,,100,80,60,80,40,100,10,16,12,20,6,10,74,,0,74,8,
application_706_bundle.zip,Applicant_706,CS/13746,KAJIADO,Dairy,,Cash Book,722626064,Thin Evidence for financial records; they provided statements for only 1 month instead of 12,5,registered over 3yrs,1,thin evidence,4,consistent sales with basic quality assuarance,4,Strong plan with minor gaps; targets & timelines present.,4,clear node participation,5,>50% women and more than 2 green practices,,Tier 1,100,20,80,80,80,100,10,4,16,20,12,10,72,,0,72,,
application_KJET-20251230105153-PXNH_with_attachments_2026-01-13_18-18-20,Applicant_KJET-20251230105153-PXNH,PVT-AAACKX2,KAKAMEGA,Edible Oils,,yes- a bank and mpesa statements have been given,yes-phone number and emailadress given,Private Company since 2017 that deals with edible oils and honey,5,Established in 2017. They have successfully transitioned from a startup to a diversified cottage industry over 9 years,2,"The mpesa and bank statements both have unclear transactions, you can not tell if the transactions are for personal use or for the group",5,"They have already secured KEBS certification and are enrolled in KEPROBA for export. They effectively contrast their ""handcrafted natural"" products against mass-market giants like Bidco and Kapa",5,The proposal addresses a critical national gap: Edible Oil Import Substitution. Their plan to mechanize palm kernel extraction and honey centrifuging is technically sound. They are already collaborating with technical institutions for machine fabrication.,5,"They span the entire value chain: production (200 trees), processing (cottage unit), and retail. They even utilize by-products (beeswax/kernel oil) for soap making.",5,"51%+ Women-owned. 50% youth employment. Their sustainability practices (Regenerative Agriculture, Solar energy, and zero-waste fuel) are the gold standard for this program.",,Tier 2,100,40,100,100,100,100,10,8,20,25,15,10,88,,0,88,1,
application_463_bundle.zip,Applicant_463,CS/4401,KAKAMEGA,Dairy,,Bank statement,727648485,All requirments met and satisfied,5,Strong track record and formal structure.,5,Turnover consistently high (14–18M); profits nearly equal to turnover,4,"High local demand, some exposure to competition from outside suppliers.",4,Ambitious but practical expansion path.,4,"Strong alignment, though processing capacity is still developing.",3,"Good inclusivity and sustainability, but not transformative.",,Tier 1,100,100,80,80,80,60,10,20,16,20,12,6,84,,0,84,2,
application_KJET-20251216174159-VAE9_with_attachments_2026-01-13_18-18-47,Applicant_KJET-20251216174159-VAE9,BTR/DSS/CBO/0147/2022,KAKAMEGA,Dairy,,yes-supporting bank statement given,yes-contact number given and an official email address also present.,"Registered CBO since 2022, dealing with dairy farming with a proven bank statement as their financial evidence",5,Registered for 3+ years (since early 2022). Governance structure is clearly documented with key leadership positions filled,2,"Turn over is KSH13,531 ,While the growth trend is positive (doubling since 2022), the absolute volume is extremely low for a group of 38 members",3,"steady  local sales. They correctly identify their competitive edge as ""chemical-free"" and ""cheaper"" compared to commercial brands like Tuzo. However, they lack formal contracts and digital channels",3,"Clear problem-solution identification. They pinpoint the ""Low Supply, High Demand"" issue caused by local breeds. Their plan for value addition (yogurt) and delivery services is standard but feasible. They use QuickBooks, which is highly commendable for an entity of this size.",2,Focused almost entirely on primary production (milking). They currently lack the infrastructure for aggregation or processing,4,Nearly 50% female (18/38) and a very high youth density (22/38 aged 18-35). Points given for tree planting.,,,100,40,60,60,40,80,10,8,12,15,6,8,59,,0,59,#N/A,
application_KJET-20251227153842-JGS5_with_attachments_2026-01-13_18-18-37,Applicant_KJET-20251227153842-JGS5,cs/21240,KAKAMEGA,Edible Oils,,no-a bank statement is given as proof of financial evidence,,Registered MSME Association since 2017 dealing with edible oils and their VC with a bank statement as a financial proof,5,Established in 2017 (8+ years operational). Long-term stability and operating within a government-recognized worksite.,1,Bank statement given has only 2 transactions which are not clear if they are for the group involved.,3,"Exceptional market reach for an MSME. They claim 30% Export and 45% B2B sales. They have a clear pricing strategy: producing at 2800 and selling at 4300 per unit. Their byproduct (sunflower cake) provides an additional revenue stream. But they lack digital marketplace

",4,"Strong growth plan to contract 500+ farmers to solve the raw material consistency issue. They operate within the Edible Oil Value Chain from production to processing. However, the lack of an accounting system (manual/none) is a risk factor for a group managing 1,800 members",5,"Perfect alignment. They are not just farmers; they are processors. They identify specific machine needs (extractors, filters, dryers) to move from 30% to 80% operational capacity.",5,"They claim 51% women ownership/leadership and have a massive youth membership (300 members aged 18-35 in 2024). They also practice agroforestry (Calliandra and Sesbania trees), which are excellent for soil nitrogen fixation and animal fodder.",,,100,20,60,80,100,100,10,4,12,20,15,10,71,,0,71,18,
application_KJET-20251230194318-D7ZJ_with_attachments_2026-01-13_18-18-15,Applicant_KJET-20251230194318-D7ZJ,CS/17134,KAKAMEGA,Dairy,,yes- a bank statement is given as proof of financial evidence,yes-phone number and emailadress given,"Registered Cooperative since 2014 dealing with dairy farming as priority VC and has an organissed structure, (chairperson,secretary,Treasurer).",5,"Registered Cooperative since 2014 (12 years of existence) dealing with dairy farming as priority VC and has an organissed structure, (chairperson,secretary,Treasurer)",2,Turn Over as Nov 2025 was KSH39000 which is way below the 1M threshhold.,3,"High demand from learning institutions and hotels. Their competitive edge is being the sole regional provider in Matungu, allowing them to capture margins that would otherwise go to established companies  outside the constituency. They do not do any online trade",3,"The request for a 100L batch pasteurizer, cup sealer, and food lab refurbishment is perfectly aligned with their goal of professionalizing yogurt and Mala production. Use of QuickBooks for a small cooperative is an excellent administrative sign.They did not give the budget for the said pasteurizer,cup sealers and food lab.",5,They cover the full spectrum from raw milk collection to high-value processing (Yogurt/Mala) and planned backward linkages (selling affordable dairy feeds).,5,"51% women-led, Youth participation has dropped significantly (from 8 members in 2022 to only 2 in 2024),""One farmer one tree"" and the reduction of polythene use by encouraging reusable containers are practical green initiatives.",,,100,40,60,60,100,100,10,8,12,15,15,10,70,,0,70,19,
application_KJET-20251218144256-XRTF_with_attachments_2026-01-13_18-18-42,Applicant_KJET-20251218144256-XRTF,LIK/shg/ 192/2022,KAKAMEGA,Dairy,,no-one month supporting bank statement given,yes-contact number given and an official email address also present.,Registered MSME Association since 2022 dealing with dairy farming and have a bank statement showing their daily transaactions.,5,"Established in 2022 (approx. more than 3  years operational). Clear leadership structure (Chair, Secretary, Treasurer) and evidence of consistent membership growth.",1,The bank statement given shows only figures for december 2025,4,"Strong market positioning with a 60% B2B split, targeting schools, hotels, and processing companies. They have a clear grasp of their margins (KES 15 profit per litre) and already possess a weighing scale and milk cooler, showing better equipment readiness than most small groups.",3,Excellent clarity in the problem statement (feed inconsistency and market access). The proposal includes specific operational enhancements (automated milking) and sustainability via silage/hay making. Use of QuickBooks for a group this size is a high-value indicator of professional management but lacks budget.,3,"Currently at the production stage but already selling manure as a byproduct. Their roadmap to aggregate for ""dairy companies"" aligns perfectly with the KJET value chain objectives for aggregation and standards.",5,"100% of the members are Youth (aged 18–35). The enterprise is Women-Owned/Managed (Vice Chair and Secretary are women, with 39% female membership). Strong green initiatives (Manure composting, water conservation, and fodder improvement).",,,100,20,80,60,60,100,10,4,16,15,9,10,64,,0,64,#N/A,
application_218_bundle.zip,Applicant_218,CS/26414,KERICHO,Dairy,,Statement of cashflows,722523377,All requirements met and satisfied,5,Registered and functioning governance,5,Meets ≥10M turnover with positive trend,5,"Multi-channel sales, contracts with major processors, repeat customers",5,Detailed execution plan with SMART goals and investments,5,Fills a critical node in the Dairy VC with documented linkages upstream & downstream,4,"Strong gender/youth participation, at least 1–2 green practices",,Tier 2,100,100,100,100,100,80,10,20,20,25,15,8,98,,0,98,1,
application_638_bundle (1).zip,Applicant_638,CSNO11800,KERICHO,Dairy,,Income statements,722983073,Necessary documentation attached,5,Registered > 3yrs,5,Turnover ≥10M; positive 2-yr trend; bank statements provided,5,active offtake/buyer contracts; repeat customers; defensible positioning,4,strong plan with minor gaps,5,"priority VC, critical node with linkages",3,moderate inclusion,,Tier 1,100,100,100,80,100,60,10,20,20,20,15,6,91,,0,91,2,
application_KJET-20251231235957-TKI4_with_attachments_2026-01-13_18-21-09,Applicant_KJET-20251231235957-TKI4,CS/1551,KERICHO,Dairy,,yes -valid income statement,yes,"Registered cooperative, established 1965; registration certificate provided. Fully compliant.Bank statements and cash flow provided",5,"Long-standing cooperative with deep community roots and proven track record. Membership growth (747 → 1,565) demonstrates trust and stability. Strong women participation (53%) and female leadership representation.",5,"Annual revenue KES 35–78M, with consistent profits KES 1–4M. Diversified income streams: bulk milk, value addition (yogurt, mala), agrostore sales. Robust accounting system (LEOWA).",4,"High B2B focus: 91%. Institutional customers: NKCC, schools, distributors. B2C sales are limited but increasing. Strong brand in Kericho. Competitors are there, but integrated concept, cold chain, and member service give us competitive advantage.",4,"Has a set Plans for UHT line, product diversification, transport expansion, infrastructure, and capacity building are feasible. Cottage-scale processing can be scaled up. Strategic growth plan to meet member needs.",5,"Covers multiple nodes like milk collection, chilling, processing, input supply, distribution. Integrated value chain ensures member benefit and operational control.",5,"Women ownership >50%, female leadership. Sustainability initiatives include climate-resilient fodder, agroforestry, manure management, water harvesting, renewable energy, and reduced plastic waste. Demonstrates strong ESG practices.",,Tier 1,100,100,80,80,100,100,10,20,16,20,15,10,91,,0,91,2,
application_KJET-20251229105536-YIHB_with_attachments_2026-01-13_18-21-13,Applicant_KJET-20251229105536-YIHB,CS/2104,KERICHO,Coffee,,"yes-Bank statements, balance sheets submitted",yes,"Registered cooperative established 1973; registration certificate provided. Fully compliant.Bank statements, balance sheets submitted",5,"Well-established cooperative since 1973 with decades of experience in coffee processing. Stable governance with chairperson, secretary, manager, and treasurer. Long operational history gives high credibility.",4,"Revenues increasing steadily (KES 23.4M → 29.7M), profits modest but positive (KES 379k → 443k). Strong financial footprint relative to local cooperatives. Dependence on seasonal coffee markets noted.",4,"100% B2B sales to Nairobi Coffee Exchange and local processors. High demand through established auction and direct sales channels. Competitive advantage through quality control, farmer engagement, and ICT adoption.",4,"Clear plans for expansion, processing infrastructure upgrades, ICT adoption, and market development locally and internationally. Investment plans for machinery, drying beds, and traceability systems are realistic and aligned with growth objectives.",5,"Core role in coffee VC which includes raw cherry collection, processing, drying, grading, and marketing. Strong backward linkages with smallholder farmers. Provides essential aggregation function, ensuring supply continuity.",4,"Not women-owned, but cooperative engages farmers inclusively, including youth. Sustainability initiatives include solar energy, biogas, organic manure, agroforestry, water recycling, eco-friendly drying, and climate-smart agriculture training. Environmentally responsible practices embedded.",,Tier 1,100,80,80,80,100,80,10,16,16,20,15,8,85,,0,85,4,
application_KJET-20251220120541-VG7B_with_attachments_2026-01-13_18-21-22,Applicant_KJET-20251220120541-VG7B,CS/1335,KERICHO,Coffee,,"Yes ( verified income statements, balance sheets, and cash flow statements uploaded.)",Yes,All requirements met,5,Registered in 1964,3,"Turnover 1-5M, one statement attached",4,Evidence of established demand and market channels. Slight reduction as marketing channels are mostly traditional.,4,"Clear objectives for high-quality coffee production and farmer support. Addresses challenges: price fluctuations, climate change, high production cost. Plan includes farmer training and modern methods. Budget not fully detailed, minor gaps in targets",4,"Performs multiple roles: collects cherries, processes coffee, handles milling and marketing.",4,"Women-owned (1/3 rule), adoption of organic fertilizers, planting trees. High inclusion and some green practices implemented. Slight room for expansion",,Tier 1,100,60,80,80,80,80,10,12,16,20,12,8,78,,0,78,5,
application_KJET-20251230204212-II3Q_with_attachments_2026-01-13_18-21-11,Applicant_KJET-20251230204212-II3Q,CS/22415,KERICHO,Dairy,,yes-Bank statements,yes,"Registered cooperative, established 2018; registration certificate provided. Balance sheets and income statements submitted",3,"Cooperative is relatively young but shows rapid growth in membership (502 → 1,491) and service diversification. Leadership structure defined and includes a female manager, supporting women ownership criteria.",3,Revenue fluctuates KES 162.9M (2022) → 119.3M (2024); profits thin but positive (KES 149k in 2024).,4,"Strong mix of B2B (60%) and B2C (40%) sales. Buyers include local supermarkets, hotels, institutions, and retail consumers. Value-added products (Mursik, yoghurt) are growing. Competition exists from national brands and local processors, but integrated service model is unique.",4,"Expansion plans for a full processing plant, cold storage, packaging, and brand development are realistic and aligned with growth targets. Investment in digitization and operational efficiency noted.",4,"raw milk collection, feed production, AI & veterinary services, processing, transport, and marketing. Captures significant value across multiple nodes of the dairy value chain.",4,"Women ownership >20% and female manager in leadership. Sustainability initiatives include biogas, tree planting, manure management, local fodder promotion, water conservation, and climate-resilient practices.",,Tier 1,60,60,80,80,80,80,6,12,16,20,12,8,74,,0,74,6,
application_KJET-20251231115450-MCXF_with_attachments_2026-01-13_18-34-32,Applicant_KJET-20251231115450-MCXF,864,KIAMBU,Dairy,,Yes,Yes,"All requirements met, within PVC, valid registration cert, provided contacts",5,"Registered 1961, governance structure in place",5,Revenue 10 billion,5,Distribution reach into modern trade channels confirmed.,4,"no  revenue growth targets, no costed budget",5,Covers every node,4,female membership falling marginally below the ≥50% threshold,,Tier 1,100,100,100,80,100,80,10,20,20,20,15,8,93,,0,93,1,
application_KJET-20251231134940-CQMY_with_attachments_2026-01-13_18-34-12,Applicant_KJET-20251231134940-CQMY,BN-7ZCV2QYV,KIAMBU,Textiles,,Yes,Yes,"All requirements met, within PVC, valid registration cert, provided contacts",3,Registered <1–3 years with basic governance,5,Turnover ≥ KES 10M,4,no formal contracts or export channels documented.,5,Detailed plan with investment direction.,5,Critical node in priority value chain.,5,High inclusivity + green practices,,Tier 2,60,100,80,100,100,100,6,20,16,25,15,10,92,,0,92,2,
application_KJET-20251230175758-JHYF_with_attachments_2026-01-13_18-44-26,Applicant_KJET-20251230175758-JHYF,PVT-UK3MGV,KIAMBU,Edible Oils,,Yes,Yes,"All requirements met, within PVC, valid registration cert, provided contacts",5,Registered 2021,5,Consistent revenue growth: >10M,4,No digital sales channels currently in use,4,no costed budget,5,Fills critical nodes in the edible oils value chain,4,female membership falling short of the ≥50% threshold,,Tier 1,100,100,80,80,100,80,10,20,16,20,15,8,89,,0,89,3,
application_KJET-20251230164359-NKNR_with_attachments_2026-01-13_18-44-31,Applicant_KJET-20251230164359-NKNR,CS/20723,KIAMBU,Dairy,,Yes,Yes,"All requirements met, within PVC, valid registration cert, provided contacts",5,Registered 2016 ; full governance structure documented,5,Revenue > KES 300M annually,3,No digital sales channels in use. No signed offtake contracts or MOUs,4,no specific revenue targets or costed budget for the full expansion plan,5,Fills critical nodes in the Dairy priority value chain,5,Exceeds both the ≥50% women threshold and the 2+ green practices requirement,,Tier 1,100,100,60,80,100,100,10,20,12,20,15,10,87,,0,87,4,
application_KJET-20251231124633-63E8_with_attachments_2026-01-13_18-34-26,Applicant_KJET-20251231124633-63E8,424,KIAMBU,Coffee,,Yes,Yes,"All requirements met, within PVC, valid registration cert, provided contacts",5,"Registered 1963, governance structure in place",5,Turnover >KES 10M,5,Strong international demand linkage with reputable buyers,3,"Clear direction; gaps in startegy, targets 
targets/budget. strategy",5,Strong participation in priority value chain with critical node coverage,3,"Environmental practices relatively strong, but inclusivity weak",,Tier 1,100,100,100,60,100,60,10,20,20,15,15,6,86,,0,86,5,
application_657_bundle.zip,Applicant_657,PVT-9XUV33G,KIAMBU,OTHER,Beekeeping,Bank statements,727060021,"Not a priority VC, beekeeping",5,Duly registered private company with clear legal standing and consistent operational record.,5,"Turnover >10M, Excellent financial performance with strong profitability and growth trajectory.",5,"Operates within the beekeeping value chain, serving local retail, institutional, and EU export markets. Demonstrates diversified products (honey, beeswax, bee venom), formal partnerships (IPD trade fairs, EU buyer linkages), and clear differentiation via quality, certification goals, and traceability systems",5,"Demonstrates strategic planning, accountability, and high feasibility for expansion in both local and export markets.",0,"Not a priority VC, beekeeping",4,"Strong gender inclusion (≥50% women ownership, female CEO, 50% female advisory board) and youth engagement (23 of 25 employees aged 18–35). Implements multiple sustainability initiatives — agroforestry, wildlife coexistence, circular economy, and solar energy use",,Tier 2,100,100,100,100,0,80,10,20,20,25,0,8,83,,0,83,6,
application_KJET-20251222190920-FET1_with_attachments_2026-01-13_18-50-54,Applicant_KJET-20251222190920-FET1,TVETA/PRIVATE/TVC/0036/2022,KILIFI,Edible Oils,,yes,yes,All requirements,4,"registered in 2022, active leadership",3,turnover of 1-5M,3,has 2 market chanels,3,"has a clear plan , no budget",5,has clear processes,5,there is 50% participation of both women and youth and 2 green practices,,Tier 1,80,60,60,60,100,100,8,12,12,15,15,10,72,,0,72,1,
application_KJET-20251217232319-OMTH_with_attachments_2026-01-13_18-51-03,Applicant_KJET-20251217232319-OMTH,PVT-PJUYRG3Q,KILIFI,Coffee,,yes,yes,All requirements,4,"registered in 2023, active leadership",3,turnover of 1-5M,3,has 2 market chanels,3,"has a clear plan , no budget",5,clear processes,2,"moderate inclusion, no green practices",,Tier 1,80,60,60,60,100,40,8,12,12,15,15,4,66,,0,66,2,
application_KJET-20251121110842-SYFZ_with_attachments_2026-01-13_18-51-11,Applicant_KJET-20251121110842-SYFZ,TVETA/PRIVATE/TVC/0036/2022,KILIFI,Edible Oils,,yes,yes,All requirements,4,"registered in 2022, active leadership",2,turnover of less than 1M,3,has 2 market chanels,3,"has a clear plan , no budget",5,clear processses,4,"high participation, 2 green practices",,Tier 1,80,40,60,60,100,80,8,8,12,15,15,8,66,,0,66,2,
application_558_bundle (1).zip,Applicant_558,PVT-LRUY353L,KILIFI,Dairy,,Bank statement,708546328,All requirements met and satisfied,3,"Registered private company.. Track record is short, only 2â€“3 years in operations,Very small scale (1 employee, ~50 liters/day)., Credibility boosted by detailed documentation and veterinary background of founder.",2,"Turnover is modest and inconsistent (big dip in 2023). Profits margins not fully credible (2022 profit seems too low vs turnover, 2023 profit higher than turnover) Shows growth ambition, but financially fragile.",4,"Competes with KCC/Brookside and local farmers. Differentiation: value addition (ice cream, yoghurt, mala) + farmer training (unique angle). Clear target markets: Kilifi, Mombasa, institutions, and possible exports. Shows solid understanding of industry gaps (informal dominance, poor infrastructure, low AI adoption).",4,"Very detailed proposal with clear objectives, metrics, milestones, and BDS needs. Focus on milk processing, farmer training, technology adoption, and market expansion. Has already engaged with Kilifi County livestock dept. + school buyers. Needs capital and equipment to scale.",3,"Currently at production + light processing (fermentation, training). Plans to expand into full processing (yogurt, mala, ice cream), institutional supply, aggregation. Potential to evolve from micro-producer into small aggregator/processor.",3,"nclusivity: No women ownership, but youth-led. Sustainability: Strong practices â†’ AI breeding, fodder (Brachiaria), water harvesting (dam), planned solar cooling, farmer training. Strong emphasis on climate-smart dairy.",,Tier 1,60,40,80,80,60,60,6,8,16,20,9,6,65,,0,65,4,
application_KJET-20251231122651-J81P_with_attachments_2026-01-13_18-50-40,Applicant_KJET-20251231122651-J81P,ASS-AED1CBD,KILIFI,Construction Materials,,yes,yes,All requirements,5,"registered in 2021, active leadership",1,minimal transactions,4,has 3 channels,3,has a clear plan but no budget,4,has clear processes,3,"moderate inclusion, green practices provided",,Tier 1,100,20,80,60,80,60,10,4,16,15,12,6,63,,0,63,5,
application_KJET-20251211115753-EZOA_with_attachments_2026-01-13_18-51-09,Applicant_KJET-20251211115753-EZOA,RA-Y5SP44,KILIFI,Blue Economy,,yes,yes,All requirements,3,"registered in 2024, active leadership",1,minimal transactions,4,has 3 market chanels,3,"has a clear plan , no budget",4,weak market linkages,3,"moderate inclusion, 2 green practices",,Tier 1,60,20,80,60,80,60,6,4,16,15,12,6,59,,0,59,6,
application_KJET-20251224153446-A33A_with_attachments_2026-01-13_18-53-40,Applicant_KJET-20251224153446-A33A,CS/3911,KIRINYAGA,Rice,,yes,yes,all requirement met,5,registered in 1988,5,turnover>10M,5,"B2C through own shops,supermarkets and agents",4,strong plan and minor gap in targets,5,"priority vc, fills a critical node",4,high participation,,Tier 1,100,100,100,80,100,80,10,20,20,20,15,8,93,,0,93,1,
application_KJET-20251229232559-ELGK_with_attachments_2026-01-13_18-53-21,Applicant_KJET-20251229232559-ELGK,PVT-5JU5DUR,KIRINYAGA,Dairy,,yes,yes,all requirement met,5,"registered in 2018, active leadership",4,turnover of 1-5M,3,2 marketing chanels,3,has a plan no budget,5,has clear processes and market linkages,3,"low participation, 2 green practices",,Tier 1,100,80,60,60,100,60,10,16,12,15,15,6,74,,0,74,2,
application_KJET-20251227194416-JVM2_with_attachments_2026-01-13_18-53-38,Applicant_KJET-20251227194416-JVM2,HUD.020/947/2023,KIRINYAGA,OTHER,charcoal briquettes,yes,yes,Requirements met,5,registered in 2023,2,Sporadic records,3,2 market channels,3,has a plan no budget,5,strong proceses,5,"more than 50% participation are women, 2 green practices",,Tier 1,100,40,60,60,100,100,10,8,12,15,15,10,70,,0,70,3,
application_KJET-20251230165041-FESU_with_attachments_2026-01-13_18-53-06,Applicant_KJET-20251230165041-FESU,CS/417,KIRINYAGA,Coffee,,yes,yes,all requirement met,5,"registered in 1954, active leadership",4,turnover of 1-5M,2,1 channel,3,has a plan no budget,5,clear processes,2,low  inlcusion,,Tier 1,100,80,40,60,100,40,10,16,8,15,15,4,68,,0,68,4,
application_KJET-20251231111615-VR5N_with_attachments_2026-01-13_18-53-03,Applicant_KJET-20251231111615-VR5N,CS/30407,KIRINYAGA,Edible Oils,,Yes,Yes,Requirements met,1,Registered <1 yr with basic structure in place.,2,Turnover <1M,3,2 clear channels B2C and B2B and aware of the competitors,4,"Plans to expand sales with clear markets including households, retail shops, institutions and cooperative outlets. Plans to do customer outreaches through direct sales, local market, use product branding, labeling and community awareness, operational enhancements and enaging the local retailers",5,"They grow veetables and oil bearing crops, process oil procusts and sell to local retailers and institutions",3,"Moderate inclusion over the years, also engage in green practices such as reuse of by-products",,,20,40,60,80,100,60,2,8,12,20,15,6,63,,0,63,9,
application_KJET-20251229174607-5YMR_with_attachments_2026-01-13_18-53-32,Applicant_KJET-20251229174607-5YMR,2672,KIRINYAGA,Textiles,,yes,yes,all requirement met,3,"registered in 2024, active leadership",3,turnover of 1-5M,3,2 marketing channels,3,has a plan no budget,3,in vc but no clear market linkages,4,"high participation of youth , no green practice",,,60,60,60,60,60,80,6,12,12,15,9,8,62,,0,62,10,
application_KJET-20251230214915-6JSE_with_attachments_2026-01-13_18-58-33,Applicant_KJET-20251230214915-6JSE,CS/217,KISII,Coffee,,Yes (financial statement 2023/4),Yes,All requirements met,5,Registered in 1950,5,"Turnover >10M positive 2yr trend, verifiable financial statement",3,has 2 regular channels focused especially on export markets,5,"Detailed costed budget and targets,",5,"Priority VC, aggregation and processing, documented linkages",4,"High inclusivity >50% female moderate youth inclusion,several green practices",,Tier 1,100,100,60,100,100,80,10,20,12,25,15,8,90,,0,90,1,
application_KJET-20251230231359-HYRJ_with_attachments_2026-01-13_18-58-31,Applicant_KJET-20251230231359-HYRJ,PVT-Q7U99PM2,KISII,Dairy,,Yes (bank statement 2024/5),Yes,All requirements met,5,"Registered in 2015 (no registration certificate but other supporting documents... company memorandum, stamp duty payments)",3,Turnover indicated as 1-5M but said amounts not visible in statement,4,has 3 channels including digital marketplaces,4,"Detailed investment plans, objectives and targets; no costed budget",5,"Priority value chain, value addition through processing into flavoured yogurt, various documented channels",4,High inclusivity; several sustainable green practices,,Tier 1,100,60,80,80,100,80,10,12,16,20,15,8,81,,0,81,3,
application_KJET-20251230133404-O0IZ_with_attachments_2026-01-13_18-58-41,Applicant_KJET-20251230133404-O0IZ,CS/9260,KISII,Coffee,,Yes(verified bank statement),Yes,All requirements met,5,Registered in 2000,5,"Turnover >10M in 2024, positive 2 Yr trend verified bank statement",4,has 2 channels including a digital marketplace,3,"clear direction, generic targets not highly detailed, potential for growth",4,"Priority VC, node participation in production and transport unclear if engaged in processing",3,"moderate inclusivity 30% female, low youth inclusivity, 2 green practices",,Tier 1,100,100,80,60,80,60,10,20,16,15,12,6,79,,0,79,4,
application_417_bundle.zip,Applicant_417,CS/24257,KISII,Dairy,,Income statement,712598387,Meets All criteria,5,Regestered for more thna 3 years,5,more than 10M cash inflow after tax,3,"Regular local sales, one main channel, emerging quality practices",4,"(Strong plan, minor gaps",5,fills a critical node,1,Token inclusion; no green practice.,,Tier 1,100,100,60,80,100,20,10,20,12,20,15,2,79,,0,79,4,
application_KJET-20251229130910-VOR8_with_attachments_2026-01-13_18-58-58,Applicant_KJET-20251229130910-VOR8,539,KISII,Coffee,,Yes (bank and income statements),Yes,All requirements met,5,"Registered in 1957, clear leadership",5,"Turnover >10M, positive 2 Yr trend, bank and income statements attached",3,"has 2 channels including export, no e-commerce",3,"vague plan, targets listed but not clearly defined. no costed budget potential for growth",4,"Priority VC, clear node participation, some linkages",4,"moderate inclusion 25% female and youth, several green practices",,Tier 1,100,100,60,60,80,80,10,20,12,15,12,8,77,,0,77,6,
application_KJET-20251229160320-JORU_with_attachments_2026-01-13_18-58-56,Applicant_KJET-20251229160320-JORU,KJET/2025/8789,KISII,Coffee,,Yes (slightly illegible),Yes,All requirements met,5,Registered in 1968,5,"Turnover >10M in 2024 visible in incomestatement, inconsistent in 2023 total revenue less than profit,",4,"3 channels including export, no digital marketplace",3,"clear direction, generic targets somewhat defined, no costed budget",5,"Priority value chain, from farming to processing and packaging for export and local distribution",5,">50% female inclusion high youth inclusion, 2+ green practices",P1,,100,100,80,60,100,100,10,20,16,15,15,10,91,5,5,86,3,
application_KJET-20251227222033-34VU_with_attachments_2026-01-13_19-12-07,Applicant_KJET-20251227222033-34VU,47864,KISUMU,Textiles,,yes,yes,All requirements met,5,"registered in 2019, active governance",4,has a turnover of less than 10M,4,has 3 market channels,3,has a clear plan but no budget,5,has clear market linkages and processes,4,has high participation and 3 green practices.,,Tier 1,100,80,80,60,100,80,10,16,16,15,15,8,80,,0,80,1,
application_KJET-20251221122827-YYQO_with_attachments_2026-01-13_19-12-11,Applicant_KJET-20251221122827-YYQO,No.OP.218/051/21-114/12416.,KISUMU,Blue Economy,,yes,yes,All requirements met,5,"registered in 2021, active leadership",3,has a turnover of less than 1M,4,has 3 market channels,3,has a clear plan but no budget,4,has clear processes and it is in VCA,4,has high particapation in youth and 2 green ppractices,,Tier 1,100,60,80,60,80,80,10,12,16,15,12,8,73,,0,73,2,
application_KJET-20251229132927-SBAF_with_attachments_2026-01-13_19-12-03,Applicant_KJET-20251229132927-SBAF,PVT-AJUXLPJG,KISUMU,Blue Economy,,yes,yes,All requirements met,4,"registered in 2022, has active leadership",3,has a turnover of 1-5M,4,has 3 market channels,3,has a clear plan but no budget,4,has market linkages,4,has high participation in youth and 3 green ppractices,,Tier 1,80,60,80,60,80,80,8,12,16,15,12,8,71,,0,71,3,
application_KJET-20251209193751-M1VV_with_attachments_2026-01-13_19-12-27,Applicant_KJET-20251209193751-M1VV,DSD/42/239/37089,KISUMU,Blue Economy,,yes,yes,All requirements met,3,"registered in 2024, has active leadership",2,has a turnover of less than 1M,4,has all 3 marketing chanels,3,has clear direction and clear targets,4,has clear market linkages and processes,5,has high participation of women and 5 green practices.,,Tier 1,60,40,80,60,80,100,6,8,16,15,12,10,67,,0,67,4,
application_KJET-20251208090407-OTB9_with_attachments_2026-01-13_19-12-29,Applicant_KJET-20251208090407-OTB9,CS/26763,KISUMU,Rice,,yes,yes,All requirements met,4,"registered in 2022, has active leadership",3,financial statement is between 1-5M,4,has digital channels,2,has no clear plan,4,has market linkage but weak processes.,4,has high women participation and one green practice,,Tier 1,80,60,80,40,80,80,8,12,16,10,12,8,66,,0,66,5,
application_KJET-20251219163400-VJNU_with_attachments_2026-01-13_19-12-21,Applicant_KJET-20251219163400-VJNU,DSD/42/244/01/112147,KISUMU,Edible Oils,,yes,yes,All requirements met,3,"registered in 2025, active leadershhip",2,has a turnover of less than 1M,3,has 2 market channels,3,has a clear plan but no budget,4,has clear processes and it is in VCA,5,has high participation in both women and youth and 3 green practices.,,,60,40,60,60,80,100,6,8,12,15,12,10,63,,0,63,#N/A,
application_KJET-20251230104927-SKJH_with_attachments_2026-01-13_19-22-53,Applicant_KJET-20251230104927-SKJH,CS/21457,KITUI,Construction Materials,,yes,Yes,"Enterprise is legally compliant, financially verifiable, and VC-aligned.",4,"Established in 2017; operating SACCO with savings, credit, stone harvesting, and housing projects. Strong member base (2000 members, majority women) with increasing employment (2→6).",1,"Positive, growing revenue and profit trend over three years. Bank statements and cash flow reports provided.The transactions are very minimal.",4,"Stone and stone by-products market is growing locally (construction, housing projects, AHP). Limited competitors in Mwingi region; identified niches for ballast, cabro blocks, and pavement stones.",5,"Clear expansion plan: 20 stone sites, employment for 400+ youth/women, cabro blocks machine, stone crusher, transport lorry, IT equipment. Well-documented operational and marketing plan with measurable targets.",5,"Fully integrated: owns raw materials (stone hills), value addition (crushing, cabro blocks, pavement/skirting stones), distribution, and marketing. Demonstrates backward and forward linkages.",5,"Women-led (60%), majority female members, environmental sustainability practices including NEMA-guided Environmental Impact Assessments, hydro/solar energy for housing and IT, tree planting, water storage ditches, and ecosystem regeneration.",,Tier 1,80,20,80,100,100,100,8,4,16,25,15,10,78,,0,78,1,
application_KJET-20251230171610-A533_with_attachments_2026-01-13_19-22-52,Applicant_KJET-20251230171610-A533,CS/11254,KITUI,Construction Materials,,yes-Cashflow attached.,Yes,"cooperative is well-established (since 2006) and has extensive operational and strategic plans, there is no documented revenue or profit history prior to 2024, and even 2024 revenues are minimal relative to projected operations.",4,"Established in 2006, MSHCSL has 19 years of operational experience. Membership growth from 200 (2022) to 242 (2024) demonstrates strong organizational capacity and community integration. Governance structure exists, with women in leadership roles (Secretary and Vice-Chairperson). Operational experience remains strong, despite limited formal financial records.",0,"2022–2023 revenue KES 0; 2024 revenue KES 100,000 with profit KES 35,000 reported.Cant verify financial quotas with exisitng financial provisions.",4,"80% B2C (local buyers) and 20% B2B (contractors, construction firms). Market is largely untapped for packaged sand and sand-derived products. MSHCSL is the only registered cooperative in the larger Mwingi region controlling sand harvesting, giving it regulatory and operational advantage. Potential to scale exists with proper infrastructure and marketing support.",4,"Comprehensive plan for value addition: packaged sand, cabro blocks, electricity poles, fencing poles, and sand-based cottage industries. Plans include acquisition of sand packaging plant (KES 9.95M), lorries, loaders, IT infrastructure, and hiring 100 permanent employees plus 400 casuals. Growth plan is feasible but relies on access to finance and technical support.",5,"Covers full sand value chain: extraction, processing, packaging, and distribution. Includes coordination with riparian groups and organized sand loaders, creating a regulated, compliant supply chain. Cooperative manages sand yards and depots, fully aligned with KJET construction VC objectives.",4,"Women-led management (40% executive roles). Membership includes 33% women. Sustainable practices include EIAs, tree planting, sand management levies, solar-powered operations, and community support programs. Compliance with NEMA and county regulations ensures social and environmental responsibility.",P1,Tier 1,80,0,80,80,100,80,8,0,16,20,15,8,67,,5,62,2,
application_242_bundle.zip,Applicant_242,CS/19337,KITUI,Dairy,,Balance Sheet,722253253,All requirments met and satisfied,4,"Registered for several years, clear governance, but relatively small size and still scaling.",3,"Stable and profitable, but small turnover base and limited financial systems.",3,"Balanced sales channels, but demand remains largely local and undifferentiated.",3,"Clear ambition, but vague strategy and resource mobilization.",3,Plays a role in aggregation/processing but scale and linkages are weak.,3,"Some youth/women involvement and green practices, but not strong inclusion or sustainability systems.",,Tier 1,80,60,60,60,60,60,8,12,12,15,9,6,62,,0,62,2,
application_KJET-20251222145551-IX1K_with_attachments_2026-01-13_19-23-06,Applicant_KJET-20251222145551-IX1K,DSD/15/71/02/56675,KITUI,Edible Oils,,No,Yes,"meets all registration, location, VC alignment, financial documentation, and consent criteria. Despite being a young CBO (established 2022), it shows growth, clear VC focus, and operational structure.",5,"Tavoni C.B.O is recently established (2022) but demonstrates strong organization and member growth (109 → 140 members over 3 years). Leadership structure is complete with active chairperson, secretary, and treasurer. While it lacks a long historical track record like older cooperatives, its consistent reporting, member mobilization, and governance show emerging institutional capacity.",0,Handwritten financial statements,3,"The CBO has clear B2C (70%) and B2B (30%) channels, supplying local households and small retailers. Demand for sunflower oil is high in Kitui and surrounding areas. Competitors likely exist (other small oil processors and traders), but Tavoni C.B.O’s emerging aggregation and value addition approach positions it to scale. Market access could be strengthened through KJET support.",4,"Proposed plans include acquiring oil extraction machinery, expanding production, introducing a poultry incubator, and improving transport and logistics. These plans are feasible given current operations and align with growth and income-generation objectives. Practical investments are identified, and scaling potential is clear.",4,"Tavoni operates multiple stages in the edible oil value chain: seed aggregation, cleaning, drying, oil extraction, packaging, and sale of by-products. This vertical integration captures more value for members and enhances control over product quality. The cluster is positioned to expand into larger markets if BDS support is provided.",3,"Women represent a significant portion of membership (exact percentage not given), but leadership roles are currently held by a female chairperson and treasurer. Sustainable practices include tree planting for carbon credit. While initial steps toward ESG compliance are evident, broader environmental, social, and governance initiatives could be strengthened for higher scoring.",,Tier 1,100,0,60,80,80,60,10,0,12,20,12,6,60,,0,60,4,
application_KJET-20251222162157-4KRC_with_attachments_2026-01-13_19-23-03,Applicant_KJET-20251222162157-4KRC,CS/28012,KITUI,Dairy,,No,Yes,"meets all registration, location, VC alignment, financial documentation, and consent criteria. It demonstrates a functional structure, emerging financial record-keeping, and a clear operational focus in milk production.",2,"The cooperative is very young (est. 2023) with only 34 members and 3 employees. Governance structure exists with female-led management (chairperson and treasurer), but historical performance and long-term track record are limited. Demonstrates initial organizational capacity, but stability and scalability are still emerging.",1,Thin financial evidence,3,"Cluster has a balanced B2B (50%) and B2C (50%) approach, supplying households and hotels. Competition exists from small-scale farmers, private processors, and commercial dairy brands. Niche advantage lies in fresh, locally sourced goat milk. Market potential is moderate, and scaling would require infrastructure and market linkage support.",3,"Plans include expanding goat herd, upgrading milk cooling and pasteurization, and introducing value-added products like yoghurt and flavored milk. Growth plan is realistic but dependent on access to equipment, technical training, and market linkages. Demonstrates potential to scale with structured support.",3,"Covers key stages: goat rearing, milk production, processing, and packaging. While the cluster does not yet operate at full capacity or in distribution beyond hotels/households, its role in linking production to end consumers is clear and relevant within the dairy VC.",4,"Women-led enterprise with chairperson, secretary, and treasurer being female. Sustainable practices implemented include water conservation, waste management, energy efficiency, drought resilience measures, and tree planting/agroforestry. Demonstrates a strong foundation for ESG practices relative to scale and age.",,Tier 1,40,20,60,60,60,80,4,4,12,15,9,8,52,,0,52,5,
application_KJET-20251222183236-PMAH_with_attachments_2026-01-13_19-23-01,Applicant_KJET-20251222183236-PMAH,CS/28685,KITUI,Minerals,,No,Yes,"The cooperative is newly established but demonstrates proper registration, clear VC alignment, operational reach, financial activity, it fulfills all legal, geographic, and operational requirements.",2,"Established in 2023, MWINGI Artisanal Miners CS has a very short operational history. Membership is growing (50 → 70 members), but stability and long-term performance are yet to be proven. Leadership includes women (2 of 6 top officials), indicating inclusivity, but overall organizational track record is limited.",1,Thin financial evidence,3,"Cooperative addresses market gaps caused by unscrupulous middlemen. Provides technical support to artisanal miners, facilitating supply of copper, mica, iron ore, limestone, quartz, and gemstones. Market potential is moderate, with niche advantage in legitimacy, community trust, and technical advisory access. Sales channels, however, are underdeveloped and lack formal B2B/B2C structure.",3,"Plans include gemology lab, mechanized extraction equipment (excavator, lorry, 4WD, jackhammers), and value addition. Proposal is realistic and addresses current gaps in production quality, safety, and marketability. Scaling potential depends on equipment, training, and market linkages.",3,"Covers full artisanal mining value chain: mineral identification, consent agreements, extraction, transport, and marketing. Provides technical support to members. Well-aligned with VC objectives, although the cluster currently operates at small scale with limited formalized downstream linkages.",4,"Women represent 2 of 6 top officials; 12–8 female membership in 2024. Sustainability initiatives include tree planting, reclamation of mined pits, soil conservation, and support for tree nurseries. Demonstrates early adoption of ESG practices and environmental stewardship.",,Tier 1,40,20,60,60,60,80,4,4,12,15,9,8,52,,0,52,5,
application_KJET-20251231185940-AOAP_with_attachments_2026-01-13_19-24-54,Applicant_KJET-20251231185940-AOAP,PVT-Q7U76X5K,KWALE,OTHER,"production, processing, and marketing of high-value herbal and plant-based products",Yes,Yes,criteria met; required documents provided,4,Proper corporate structure; structured operations.,5,"Strong profitability, positive cash flow, clear financial growth.",5,Strong market positioning and export readiness narrative.,5,Good structured growth plan.,5,Excellent alignment and clear role in agribusiness chain.,5,Strong sustainability and gender inclusion positioning.,,Tier 1,80,100,100,100,100,100,8,20,20,25,15,10,98,,0,98,1,
application_KJET-20251230114926-BN8H_with_attachments_2026-01-13_19-25-02,Applicant_KJET-20251230114926-BN8H,PVT-8LU2ARRG,KWALE,Edible Oils,,Yes,Yes,criteria met; required documents provided,5,Long operational history with recent formal incorporation; steady growth in members and employees.,4,"Consistent revenue and profit growth, healthy margins, documented banking activity. Slight limitation due to lack of accounting system.",5,"Strong B2B penetration, diversified buyers, clear market demand for edible oils and soaps.",5,Well-articulated growth strategy with operational and financial clarity.,5,Strong vertical integration within edible oils value chain; significant local economic linkage.,5,Excellent inclusivity profile and documented environmental practices.,,Tier 1,100,80,100,100,100,100,10,16,20,25,15,10,96,,0,96,2,
application_KJET-20251226172026-CIFC_with_attachments_2026-01-13_19-25-07,Applicant_KJET-20251226172026-CIFC,ASS-D9039E7,KWALE,Construction Materials,,Yes,Yes,criteria met; required documents provided,5,Fully compliant with legal registration and governance requirements.,5,"Strong profitability, positive cash flow, clear financial growth, even if no formal accounting software.",4,"Clear existing demand, market traction, strong competitive advantage in pricing and size.",4,Viable and scalable growth strategy; actionable objectives for the next 2–3 years.,5,Well-aligned with local value chain needs; plays critical role in providing affordable construction solutions.,5,"Demonstrates inclusivity, women empowerment, youth employment, and green practices.",,Tier 1,100,100,80,80,100,100,10,20,16,20,15,10,91,,0,91,3,
application_KJET-20251225193545-GGUX_with_attachments_2026-01-13_19-25-08,Applicant_KJET-20251225193545-GGUX,BN-35C782A5,KWALE,Textiles,,Yes,Yes,criteria met; required documents provided,5,Fully compliant with registration requirements and governance structure; has a track record of consistent operations and growth.,5,"Demonstrates positive financial performance and growth, sufficient liquidity for operations. Slight volatility in bank account (zero balance at period end) but overall strong financials.",4,"Solid market demand with repeat B2B/B2C clients, competitive edge in responsiveness and niche products.",4,"Bank statement exists, but no accounting software",5,"Well-aligned with textile value chain, serves both B2B and B2C effectively.",3,Moderate inclusivity (women representation present but not majority); sustainability initiatives minimal.,,Tier 2,100,100,80,80,100,60,10,20,16,20,15,6,87,,0,87,4,
application_KJET-20251222112816-U0EP_with_attachments_2026-01-13_19-25-15,Applicant_KJET-20251222112816-U0EP,CBO.0019074,KWALE,Edible Oils,,Yes,Yes,criteria met; required documents provided,3,Demonstrates progressive operational development since 2023; formal registration in 2025 requires clarification of earlier legal status.,3,Demonstrates early-stage but improving financial performance; accounting systems and transaction documentation require strengthening.,4,Clear understanding of competitive landscape and differentiated circular economy positioning within edible oils and clean energy sectors.,4,"Structured medium-term scaling strategy with clear production, employment, and circularity targets; demonstrates investment readiness direction.",5,"Fully integrated circular agro-processing model with strong upstream, midstream, and downstream linkages aligned to edible oils value chain.",5,"Strong gender inclusion, youth participation, circular economy implementation, and renewable energy integration.",,Tier 1,60,60,80,80,100,100,6,12,16,20,15,10,79,,0,79,5,
application_KJET-20251231121958-ACQB_with_attachments_2026-01-13_19-25-00,Applicant_KJET-20251231121958-ACQB,146,KWALE,Blue Economy,,Yes,Yes,criteria met; required documents provided,3,"Registered 2020; stable membership (15 members, 3 employees); no growth in membership/employment across 3 years.",2,"Strong revenue growth declared (500K → 2M → 3.3M), but bank records do not fully align. Heavy reliance on donor inflows and high cash withdrawals.",4,"Clear product (purified water); defined competitors (Asilia, Salama Ice); 100% B2C; expansion to Mombasa planned.",4,"Clear targets (10% annual growth, 95% satisfaction); structured expansion plan; investment roadmap defined.",3,"Active in water purification, packaging, distribution; however backward linkage inconsistency (states purification but also sources purified water from Safepak).",5,51% women; strong youth participation (14/15 aged 18–35); sustainability practices documented.,,Tier 1,60,40,80,80,60,100,6,8,16,20,9,10,69,,0,69,6,
application_283_bundle.zip,Applicant_283,CS/5433,LAIKIPIA,Dairy,,Bank statements,726226387,,5,Registered >3 years,5,Turnover >10M; positive 2-yr trend; bank statements provided,4,Consistent monthly orders; growing channels; basic quality assurance.,4,strong plan with minor gaps,5,"fully aligned with priority dairy VC. upstream (milk collection from farmers) and downstream (aggregation, chilling, planned processing)",3,"several sustainability practices, moderate to low inclusionc",,Tier 1,100,100,80,80,100,60,10,20,16,20,15,6,87,,0,87,1,
application_495_bundle.zip,Applicant_495,CPR/2011/59892,LAIKIPIA,Construction Materials,,Income Statements,725982293,All documents presented,5,Operating since 2011; established structure with management team,4,Consistently profitable but still medium scale.,4,"Strong market presence, competitive pricing, proximity to trunk road",4,"Plans to expand to Isiolo, invest in own equipment, target KENHA, reduce costs by 30%.",3,Relevant participation but not highly integrated cluster model,3,Good youth participation and green initiatives; gender inclusivity moderate.,,Tier 1,100,80,80,80,60,60,10,16,16,20,9,6,77,,0,77,2,
application_KJET-20251224215401-N4VF_with_attachments_2026-01-13_19-26-44,Applicant_KJET-20251224215401-N4VF,BN-AAA0EGJ1,LAIKIPIA,Dairy,,Yes,Yes,Minimum requirements met for evaluation and scoring,5,"Registered in 2016, basic leadership in place",2,Turnover <1M,4,Growing channels inc digital spaces,4,"Strong plan, minor gaps in targets",4,"clear node participation, few linkages",5,Strong inclusivity and green practices,,Tier 2,100,40,80,80,80,100,10,8,16,20,12,10,76,,0,76,3,
application_KJET-20251223173419-3TTF_with_attachments_2026-01-13_19-26-48,Applicant_KJET-20251223173419-3TTF,CS/13928,LAIKIPIA,Dairy,,Yes,Yes,Minimum requirements met for evaluation and scoring,5,"Registered in 2011, established leadership",3,"Turnover 2M, positive trend",3,"Regular local sales, emerging QA practices",3,Clear direction but targets are generic and no costed budget,3,Potential for upgrade through value addition,3,"Moderate inclusion, room for improvement on green practices also",,Tier 1,100,60,60,60,60,60,10,12,12,15,9,6,64,,0,64,4,
application_KJET-20251224111915-HRIY_with_attachments_2026-01-13_19-26-46,Applicant_KJET-20251224111915-HRIY,1873,LAIKIPIA,Dairy,,Yes,Yes,Minimum requirements met for evaluation and scoring though registration certificate is blurry,5,"Registered in 1963, established leadership",3,"Turnover 1.2M, positive trend",2,"Weak channels, limited differentiation",1,"Aspirational, no clear plan",3,"Weak linkages, room for upgrade through value addition",3,"moderate inclusion, room for improvement on youth inclusivity",,Tier 1,100,60,40,20,60,60,10,12,8,5,9,6,50,,0,50,5,
application_KJET-20251219133020-4CPK_with_attachments_2026-01-13_19-26-53,Applicant_KJET-20251219133020-4CPK,DSD/25/135/02/12872,LAIKIPIA,Dairy,,Yes,Yes,Minimum requirements met for evaluation and scoring,4,"Registered in 2024, established leadership",2,Turnover <1M,2,"Weak channels, limited differentiation",1,No concrete plan,3,"Weak linkages, room for upgrade",4,"High inclusivity, 2 green practices",,Tier 1,80,40,40,20,60,80,8,8,8,5,9,8,46,,0,46,6,
application_KJET-20251231120829-PORC_with_attachments_2026-01-13_19-30-33,Applicant_KJET-20251231120829-PORC,CS/28181,LAMU,OTHER,organizing livestock farmers,YES,YES,"all requirements have been met ,",3,"Registered less than 3 years. Governance structure exists. However, extremely sharp membership growth (600 → 6000) without explanation raises data credibility concerns",3,Turnover below 1M range. Revenue stable though slightly declining. Cash flow statement attached. Financial systems informal (no accounting package,2,Consistent B2B buyer base and structured aggregation model. Multi-segment sales (B2B + B2C). No documented contracts attached but strong evidence of organized sales channels.,3,Strong forward-looking strategy with measurable targets and operational enhancement plans. Minor gaps in costed budgeting detail.,4,Strong node participation in livestock aggregation and marketing. Clear linkages upstream and downstream. Fits priority VC participation with clear role.,3,"Moderate female participation (~25%). Environmental practices documented (grazing control, fodder planting, water conservation, tree planting). Not ≥50% women/youth but shows structured inclusion and green practices.",,Tier 1,60,60,40,60,80,60,6,12,8,15,12,6,59,,0,59,1,
application_KJET-20251231123047-C22O_with_attachments_2026-01-13_19-30-31,Applicant_KJET-20251231123047-C22O,2318,LAMU,Textiles,,YES,YES,all requirements have been met within the PVC,5,Long-standing cooperative(registered for more than 20 years with more than 4000 members  ) with clear governance and decades of operational experience. Meets highest anchor criteria.,1,Financial statement provided is very shallow hence we cannot verify the financials,3,Active B2B sales channel but concentrated buyer base. Moderate competitiveness; repeat buyer exists but limited diversification.,2,Strategic growth plan not clearly defined. Investment intentions noted but not costed or quantified.,4,Well-aligned VC role with upstream and downstream linkages. Limited diversification of channels noted but functional.,3,Moderate inclusion (female participation is low and environmental practices documented. No explicit youth inclusion targets,,Tier 1,100,20,60,40,80,60,10,4,12,10,12,6,54,,0,54,2,
application_KJET-20251224093331-6PPJ_with_attachments_2026-01-13_19-30-42,Applicant_KJET-20251224093331-6PPJ,BN-CVCQ3QXG,LAMU,Blue Economy,,NO,YES,"Not all requirements have been met within the PVC, as  financial evidence requires a password .",3,Registered 1–3+ years with documented leadership structure and defined management roles. No governance irregularities noted. Strong for age category,0,financial evidence requires a password hence unable to verify,3,"Demonstrates regular local sales and defined customer segments (B2B/B2C). However, no digital channels and no documented offtake contracts or formal purchase orders provided. Competitive positioning articulated but evidence moderate.",3,"Strong, structured growth plan with measurable revenue, sustainability, and infrastructure targets. Identified risks (supply inconsistency, skills gaps) and clear BDS support needs. Minor gaps in costed budgeting details.",3,Fills a critical node in Blue Economy by adding value to locally sourced seafood and linking artisanal fishermen to tourism markets. Clear upstream and downstream integration.,3,"Strong environmental practices including solar energy, composting, eco-packaging, and mangrove restoration. Youth-dominant membership. Female participation improving but below 50% threshold.",P2,Tier 2,60,0,60,60,60,60,6,0,12,15,9,6,48,,3,45,3,
application_KJET-20251231115135-LM1V_with_attachments_2026-01-13_19-30-35,Applicant_KJET-20251231115135-LM1V,SS/LM/WIT/C.B.O/VOL.I/178,LAMU,Dairy,,NO,YES,"Not all requirements have been met  , as  financial evidence  provided is only for 3 months",4,Registered for over 10 years with documented leadership and steady membership growth. Governance structure present but limited detail on formal meeting cadence or documented governance procedures.,0,financial evidence  provided is only for 3 months hence very thin evidence,3,"Evidence of regular local sales through one primary channel (direct/local retail). No formal contracts or multi-channel presence. Emerging differentiation via value addition (ghee, fermented milk).",3,Strong and structured growth plan with costed investment intentions and measurable targets. Minor gaps in quantified budgeting details.,3,"Clear node participation in production, processing, and local distribution. Linkages present but not formally documented through contracts.",3,Moderate youth inclusion and reasonable female participation. Limited documented environmental practices. No structured sustainability framework.,P1,Tier 1,80,0,60,60,60,60,8,0,12,15,9,6,50,,5,45,3,
application_KJET-20251231224354-KPQ2_with_attachments_2026-01-13_19-30-24,Applicant_KJET-20251231224354-KPQ2,ass-e18b461,LAMU,Construction Materials,,NO,YES,"Not all requirements have been met  , as  financial evidence  provided is only for 1 months",3,"Registered in 2022 → young MSME.Governance in place : Chairperson, Secretary, Treasurer identified .Members small (51 members in 2024) and Operations functional but limited scale",0,financial evidence  provided is only for 1 months hence very difficult to verify,3,"B2C dominant (70%), B2B 30%.Buyers: local households and contractors.Differentiation: historical Swahili design, authentic craftsmanship.Competition: cheaper imported products; cost of materials highB2C-dominant (70%) with B2B accounting for 30%. Buyers: Local households and contractors. Differentiation: Unique historical Swahili designs and authentic craftsmanship. Competition: Faces pressure from cheaper imported products and high local material costs.",3,"Growth plan is to Establish display yards across Lamu, leverage online marketing, and acquire modern equipment. Capacity Building: Train at least 20 youth annually to enhance skills in carpentry and metal fabrication. Constraints: Limited capital and insufficient modern equipment restrict scaling and efficiency.",3,"Carpentry and metal fabrication, essential to meeting local construction demand. The cluster maintains strong backward linkages through locally sourced timber and steel from MSMEs, while forward linkages extend to households, contractors, and government institutions.",3,"The association is not women-owned and remains predominantly male-dominated. However, youth inclusion is strong, with the majority of members aged 18–35.The cluster promotes environmentally responsible practices, including reuse of timber and metal off-cuts, refurbishment and repair of products to extend lifespan, tree planting initiatives, and basic waste management measures.",P1,Tier 1,60,0,60,60,60,60,6,0,12,15,9,6,48,,5,43,5,
application_KJET-20251231134917-HRTF_with_attachments_2026-01-13_19-30-29,Applicant_KJET-20251231134917-HRTF,DSD/LMW/MPK/SH/VOL.III/009,LAMU,Textiles,,NO,YES,"Not all requirements have been met  , as  financial evidence  provided is only for 3 months",2,"Young association with basic governance(Chairperson, Secretary, Treasurer identified)",0,financial evidence  provided is only for 3 months hence very difficult to verify,3,"Consistent buyer (B2B sales: 100% to Lake Kenyatta Cooperative Society and Thika Textiles Limited)relationships exist, moderate market demand. Some differentiation vs competitors (resilient seeds).",3,Clear intent for growth with concrete steps underway. Financial/operational support needed to fully realize potential.,3,"Positioned in critical node (raw material supply) but limited scale and dependency on few buyers.Backward linkage: agro-dealers for cotton seeds, chemicals, fertilizer.Forward linkage: supplies Lake Kenyatta Cooperative Society and Thika Textiles Limited",3,"Strong inclusivity and adoption of sustainable practices.(use of climate-resilient seeds, organic products, environmentally friendly agrochemicals)",P1,Tier 1,40,0,60,60,60,60,4,0,12,15,9,6,46,,5,41,6,
application_KJET-20251220070836-UDRH_with_attachments_2026-01-13_19-35-55,Applicant_KJET-20251220070836-UDRH,CPR/2012/69992,MACHAKOS,Dairy,,No,Yes,The financials are only for 1 month,5,"Registered in 2012, with a good and functioning govornance",1,Thin evidence of financial statements,5,"80% B2B (kiosks, shops, supermarkets, distributors), multi-channel, only processor in Ukambani region",5,"Detailed expansion plan with specific investments (cheese maker, cream separator, solar), KEBS certification progress, Nairobi market entry",5,"Priority VC (Dairy), aggregation + processing (2000 farmers), documented linkages, 70% yogurt/30% lala production",5,"51% women-owned, female CEO, 25% youth, 6+ green practices (3Rs water, effluent treatment, tree planting)",,Tier 2,100,20,100,100,100,100,10,4,20,25,15,10,84,,0,84,1,
application_KJET-20251231145106-GPCC_with_attachments_2026-01-13_19-35-23,Applicant_KJET-20251231145106-GPCC,CS/29524,MACHAKOS,Edible Oils,,Yes,Yes,All requirements met,4,"Registered in 2023, full governance (6 officers)",2,Turnover is less than 1M,4,"30% B2B (processors, cosmetics, pharma), 70% B2C. Digital channels. MOU with AVA Organic Oils. Multiple market segments",5,"Detailed costed plan: oil extraction equipment, cold storage, certifications, solar power. SMART targets (2500-3000 tonnes, 15-25% growth)",5,"Edible Oils (priority VC), full value chain: production→aggregation→processing (avocado oil). Waste-to-value model. 55% fresh, 15% aggregation",5,"52% women ownership in the management. Green practices: Waste-to-value, drip irrigation, agroforestry, climate-smart farming",,Tier 1,80,40,80,100,100,100,8,8,16,25,15,10,82,,0,82,2,
application_KJET-20251229152420-ETOH_with_attachments_2026-01-13_19-35-41,Applicant_KJET-20251229152420-ETOH,C.149896,MACHAKOS,Coffee,,No,Yes,Very minimal transactions attached,5,"Registered in 2018, full governance (Chairperson, Secretary, CEO, Manager, Treasurer), with established operations",1,Very minimal transactions attached,4,"20% exports (roasters), 30% B2B (supermarkets, private label), 50% B2C. Digital channels used. QuickBooks accounting",4,Clear plan: one-stop youth coffee training hub. Costed equipment (970K total). 330 youth already trained. Broken espresso machine noted,5,"Coffee (priority VC), processing & trading. Buys from mills, trains youth in roasting/barista skills, creates employment in value chain",5,"100% women-owned, Trained 330 youth. Biodegradable packaging. Strong social impact focus",,Tier 2,100,20,80,80,100,100,10,4,16,20,15,10,75,,0,75,4,
application_KJET-20251223151659-RA5H_with_attachments_2026-01-13_19-35-48,Applicant_KJET-20251223151659-RA5H,BN-20SJKZQ5,MACHAKOS,Minerals,,No,Yes,The financials have very few transactions,4,"Registered in 2024, clear governance structure (CEO, Director, Manager)",1,Minimal transactions uploaded in this application,4,"55% exports (UK buyer), B2B jewellers, exhibitions at Village Market/Karen. Digital channels used",4,"Clear plan: tourism market via Domestic Tourism Association partnership, UK exports, equipment upgrade. Costed equipment list (12.8M total)",5,"Minerals (priority VC), critical value addition - buys rough gemstones from 4 counties, cuts/polishes, makes jewelry. Strong backward linkages",4,"35% female ownership, Tree nurseries, environmental mining practices, no harmful chemicals",,Tier 2,80,20,80,80,100,80,8,4,16,20,15,8,71,,0,71,5,
application_KJET-20251231140207-PEYN_with_attachments_2026-01-13_19-35-25,Applicant_KJET-20251231140207-PEYN,DSD/16/75/01/166626,MACHAKOS,Textiles,,Yes,Yes,All requirements met,3,"Registered in 2025, full governance structure (6 officers)",4,"Turnover is 5M - 10M, with stable financials",3,"75% B2C, 25% B2B (schools, churches). Digital channels used. Clear pricing structure (15-40% margins claimed)",3,"Clear plan: industrial machines, embroidery equipment, digital tools. Quarterly reviews. No costed budget provided",4,"Textiles (priority VC), fabric supply + tailoring services. 60% materials, 40% garment production. Value addition present",5,"100% women ownership in management, Fabric waste minimization, material reuse, energy-efficient practices",,,60,80,60,60,80,100,6,16,12,15,12,10,71,,0,71,#N/A,
application_KJET-20251224140731-HZKQ_with_attachments_2026-01-13_19-35-43,Applicant_KJET-20251224140731-HZKQ,CS/27762,MACHAKOS,Dairy,,No,Yes,Very minimal transactions attached,5,"Registered in 2023, active governance (Chairperson, Secretary, Treasurer), rapid membership growth 50→200 (300%)",2,Very minimal transactions attached,4,"50% B2B (hotels), 50% B2C (community). Clear pricing structure. No digital channels. Local market focus",4,"Detailed costed plan: 3M plant + 6M lorry + 500K components = 9.5M total. Plans yogurt production, Nairobi expansion",4,"Dairy (priority VC), milk aggregation & processing (pasteurization, mala, planned yogurt). Strong backward linkages to 200 farmers",4,"More than 30% female ownership, Water harvesting, terracing, grass planting for animal feed",,,100,40,80,80,80,80,10,8,16,20,12,8,79,5,0,79,#N/A,
application_KJET-20251230232021-FRRU_with_attachments_2026-01-13_19-48-40,Applicant_KJET-20251230232021-FRRU,C.158711,MAKUENI,Edible Oils,Post-Harvest Handling & Processing Stage,No,Yes,"Financial statement is not from the last 12 months, latest statement is from December 2024",5,Registered more than 3 years with functioning governance,1,Thin evidence,4,"Consistent monthly orders, digital market places and digital tools incorporated",4,Strong plan; minor gaps in targets.,4,Pre-processing; washing peeling and packaging of avocado,2,Ad-hoc green steps,,Tier 2,100,20,80,80,80,40,10,4,16,20,12,4,66,,0,66,1,
application_KJET-20251225171124-AGSV_with_attachments_2026-01-13_19-48-48,Applicant_KJET-20251225171124-AGSV,CS/18385,MAKUENI,Dairy,,No,Yes,Only 3 months financial statement provided,5,Registered more than 3 years with functioning governance,1,Thin evidence,3,"Regular local sales, strong customer base",3,Clear direction with generic targets,5,Milk aggregation to produce yoghurt,2,"Low inclusion, ad-hoc green steps",,Tier 1,100,20,60,60,100,40,10,4,12,15,15,4,60,,0,60,2,
application_KJET-20251217191633-OFHH_with_attachments_2026-01-13_19-49-19,Applicant_KJET-20251217191633-OFHH,CS/32177,MAKUENI,Dairy,,Yes,yes,Minimal evidence of only 3 months,1,Cluster shows strong cooperative structure and growth but mismatch between claimed start year and registration date weakens full track record validation.,2,Turnover <1m,4,"Established local milk distribution network and growing membership, though limited formal market documentation.",3,"Clear expansion strategy (new outlets, breed improvement, transport needs) but lacks costed implementation detail.",5,Strong dairy aggregation and farmer support role with clear upstream and downstream integration,4,"High female membership and sustainability initiatives (zero grazing, tree planting), though not deeply structured.",P1,Tier 1,20,40,80,60,100,80,2,8,16,15,15,8,64,,5,59,3,
application_KJET-20251219154910-AJMS_with_attachments_2026-01-13_19-49-05,Applicant_KJET-20251219154910-AJMS,CS/575,MAKUENI,Coffee,,Yes,Yes,All requirements met,5,Registered in 1957,1,"Thin evidence, only 1 transaction",3,"Regular local sales; established B2B, B2C",3,"Clear direction, no stated budgets or targets",2,Peripheral node participation,4,"several green practices and youth inclusivity, unresolved figures for female and male staff ie they all the same exact number",,Tier 1,100,20,60,60,40,80,10,4,12,15,6,8,55,,0,55,4,
application_KJET-20251227140840-HMIX_with_attachments_2026-01-13_19-48-45,Applicant_KJET-20251227140840-HMIX,CS/17231,MAKUENI,Dairy,,No,Yes,"Financial statement is not from the last 12 months, statement provided are from 2014 and 2022",5,Registered more than 3 years with functioning governance,1,Thin evidence,2,Weak market channels,3,Clear direction with generic targets,5,Milk aggregation,1,"Token inclusion, no green practices",,Tier 1,100,20,40,60,100,20,10,4,8,15,15,2,54,,0,54,5,
application_KJET-20251224185429-XL1M_with_attachments_2026-01-13_19-48-51,Applicant_KJET-20251224185429-XL1M,CS/13701,MAKUENI,Dairy,,No,Yes,Only 4 months financial statement provided,5,Registered more than 3 years with functioning governance,1,Thin evidence,3,"Regular local sales, strong customer base",2,Vague plan with unclear resourcing,3,Milk collection and pre-processing then they sell it to bulk processors,2,"Low inclusion, ad-hoc green steps",,,100,20,60,40,60,40,10,4,12,10,9,4,49,,0,49,#N/A,
application_KJET-20251223214435-JKAG_with_attachments_2026-01-13_19-53-20,Applicant_KJET-20251223214435-JKAG,RA-5OTMA8,MANDERA,Dairy,Honey and ghee production,No,Yes,Financial statement is from the past 6 months,3,Registered for less than a year with basic governance structure,3,"Less than 1M, evidence provided covers 6 months only",3,Regular local sales through one channel,2,Unclear resourcing in the plan,5,Processing of honey and ghee,3,"Above 50% youth and women, ad hoc green prcatices",,Tier 1,60,60,60,40,100,60,6,12,12,10,15,6,61,,0,61,1,
application_KJET-20260101223944-6J6W_with_attachments_2026-01-13_19-53-02,Applicant_KJET-20260101223944-6J6W,M/S/WARGADUD/188/014,MANDERA,Edible Oils,,No,Yes,Locked financial statement,5,Registered more than 3 years with functional governance,0,Unverifiable evidence,4,Consisted monthly orders and incorporates digital marketing,3,Clear direction with detailed plan but generic targets,5,Processing and refining of edible oils,4,Above 50% youth and green practices in place,P2,Tier 1,100,0,80,60,100,80,10,0,16,15,15,8,64,,3,61,1,
application_KJET-20260101152230-O0BC_with_attachments_2026-01-13_19-53-04,Applicant_KJET-20260101152230-O0BC,RA-G5SLWR,MANDERA,Construction Materials,,No,Yes,1 month finacial statement provided,4,Registered for 1 year with basic leadership in place,1,Thin evidence,3,"Regular local sales through one channel, venture also doesn't stand out in terms of competitiveness",3,Clear direction with detailed plan but generic targets,5,Processing of construction materials and metal farbrication,3,"Above 50% youth and women,has incorporated green practices",,Tier 1,80,20,60,60,100,60,8,4,12,15,15,6,60,,0,60,3,
application_KJET-20251231091939-F5YI_with_attachments_2026-01-13_19-53-07,Applicant_KJET-20251231091939-F5YI,M/E/CENTRAL/260/014,MANDERA,Construction Materials,,No,Yes,Financial statement is from the past 6 months only,5,Registered more than  years with functioning governance,1,Thin evidence,3,"Regular local sales through one channel, venture also doesn't stand out in terms of competitiveness",3,Clear direction with detailed plan but generic targets,4,Producing block and crushed stone,3,"Above 50% youth, ad-hoc green practices",,Tier 1,100,20,60,60,80,60,10,4,12,15,12,6,59,,0,59,4,
application_KJET-20260102130211-MZJR_with_attachments_2026-01-13_19-52-57,Applicant_KJET-20260102130211-MZJR,C322EC6,MANDERA,OTHER,"Leather making, welding, carperntry, tailoring",No,Yes,Locked financial statement,4,Registered more than 3 years with functional governance,0,Unverifiable evidence,4,"Regular local sales through one channel, venture also doesn't stand out in terms of competitiveness",3,Clear direction with detailed plan but generic targets,5,Leather processing and metal farbrication,3,"Above 50% youth and women, has also incorporated some green practices",P1,,80,0,80,60,100,60,8,0,16,15,15,6,60,,5,55,5,
application_KJET-20260102163527-EPPT_with_attachments_2026-01-13_19-52-50,Applicant_KJET-20260102163527-EPPT,RA-5GSG7G,MANDERA,OTHER,"Bee keeping, honey harvesting and processing",No,Yes,Locked financial statement,3,Registered less than one year with basic structure in place,0,Unverifiable evidence,3,"Regular local sales through one channel, venture also doesn't stand out in terms of competitiveness",4,Strong and detailed plan with minor gaps in targets,5,"Bee keeping, Honey harvesting and processing",3,"Above 50% youth,with intent for green practices",P1,Tier 1,60,0,60,80,100,60,6,0,12,20,15,6,59,,5,54,6,
application_KJET-20251230153540-HJYY_with_attachments_2026-01-13_19-55-48,Applicant_KJET-20251230153540-HJYY,PVT-RXU25GJK,MARSABIT,Dairy,,Yes,Yes,Requirements met,5,"Registered in 2023, with a functioning governance",5,"Turnover more than 10M, cash flow statements provided and Mpsesa statements",3,Regular local sales with clear targets but no digital channels,4,"Strong plan to expand reach through digital marketing, operational enhancements and planned investements",4,"Clear node, chain, from farm-level collection to processing and distribution.",4,"High participation with green practices such as fodder banks,  by-products are reused as compost or animal feed.",,Tier 2,100,100,60,80,80,80,10,20,12,20,12,8,82,,0,82,1,
application_KJET-20251230095132-DLKF_with_attachments_2026-01-13_19-55-54,Applicant_KJET-20251230095132-DLKF,SHG0079576,MARSABIT,OTHER,Artisan craft,Yes,Yes,Requirements met,5,"Registered in 2023, with a functioning governance",2,"Turnover less that 1M , statements provided",3,"both B2C (60%) and B2B (40%) markets through local markets, exhibitions and event-based sales, faces competition but differentiates itself through cultural designs and women-led production.",5,"Clear growth strategy including production expansion, digital marketing, training and equipment investment totaling KES 520,000. Targets such as 20% annual sales growth and increased production demonstrate planning capacity. Growth plans are realistic but still basic.",5,"raw material procurement, production, finishing, packaging, and direct sales. Strong backward linkages with MSME suppliers and active market participation",4,"90% women-owned and employs mostly women members, promoting economic inclusion and promotes environmentally friendly practices such as reuse of materials and manual production methods.",,Tier 1,100,40,60,100,100,80,10,8,12,25,15,8,78,,0,78,2,
application_KJET-20251229204147-5T9Y_with_attachments_2026-01-13_19-55-56,Applicant_KJET-20251229204147-5T9Y,No.0010271,MARSABIT,OTHER,Apiculture,Yes,Yes,Requirements met,5,"Registered in 2021, with a functioning governance",3,Financial evidence provided through bank statements and revenue records,3,Sells primarily to domestic consumers (86% B2C) with consistent demand for pure honey products. Has identified structured markets such as supermarkets and health stores and demonstrates understanding of competition and differentiation through traceable honey production.,3,"Has a well-developed growth strategy including modernization of production equipment, certification plans, packaging improvements, and expansion into national markets.",5,"Participates in input sourcing, hive management,harvesting, processing, pacakaging and marketing. Backward linkages with members as primary suppliers and local MSMEs",5,"Majority women-owned with strong youth participation. The group has adopted sustainable practices including non-destructive harvesting, drought-resistant forage planting, and zero-waste beeswax utilization.",,Tier 1,100,60,60,60,100,100,10,12,12,15,15,10,74,,0,74,3,
application_KJET-20251226224114-XE9V_with_attachments_2026-01-13_19-55-58,Applicant_KJET-20251226224114-XE9V,SHG 0032394,MARSABIT,OTHER,Apiculture and horticulture,Yes,Yes,Requirements met,5,Registered in 2023 with a functioning governance,1,"Thin evidence, no clear transactions",4,Local demand for horticultural and bee products with identified buyers and use of social media marketing,3,Cear growth and targets,5,"Participates in production, processing and marketing of horticulture and honey product",5,Equal representation of male and female with green practices,,Tier 1,100,20,80,60,100,100,10,4,16,15,15,10,70,,0,70,4,
application_KJET-20251231210439-NHKL_with_attachments_2026-01-13_19-55-30,Applicant_KJET-20251231210439-NHKL,CS/30406,MARSABIT,Minerals,,Yes,Yes,Requirements met,5,"Registered in 2023, with a functioning governance",3,Expenditure and income statement provided,3,100% B2C no digital channels,3,Clear direction and strategies,5,"engaged in gold and gemstone mining, processing, and trading.",3,Moderate inclusion with green practices,,Tier 1,100,60,60,60,100,60,10,12,12,15,15,6,70,,0,70,4,
application_KJET-20251210221055-PBWP_with_attachments_2026-01-13_19-56-21,Applicant_KJET-20251210221055-PBWP,PVT-Q7U7VL8R,MARSABIT,Dairy,,Yes,Yes,Requirements met,5,Registered in 2023 with a functioning governance,2,"Turnover <1M, Irregular transactions",3,"2 local channels, no digital marketplace",4,"Plans to expand dairy herd, milk storage and imptoving egg handling and hygiene.",4,Clear particpation and linkages,4,Inclusivity and 1-2 green practices,,Tier 2,100,40,60,80,80,80,10,8,12,20,12,8,70,,0,70,4,
application_KJET-20251231134210-JUGG_with_attachments_2026-01-13_21-35-52,Applicant_KJET-20251231134210-JUGG,MC/3015/2022,MERU,Dairy,,Yes,Yes,All eligibility criteria satisfied; cluster is eligible.,4,"Registered as a Self-Help Group (MC/3015/2022) in 2022, relatively new with only 2–3 years of operations. Leadership is in place (Chairperson, CEO, Secretary, Treasurer), but shorter track record limits demonstrated sustainability.",4,"Revenue growth from KES 500,000 → 900,000 and profits from KES 300,000 → 750,000. Solid for early-stage SHG but absolute values are modest; financial systems exist (QuickBooks, M-Pesa records).",5,"Provides maize silage chopping, packaging, and storage services to small and medium dairy farmers. Organized group delivery, youth-led labor, bundled services, and reliable scheduling differentiate them from informal competitors.",4,"Clear operational, financial, and employment targets. Expansion plan includes additional silage chopper, tractor, packaging improvements, and digital record-keeping. BDS support needed for machinery access and formalization.",4,"Operates at processing and service delivery stages of the livestock feed value chain, serving smallholder farmers and cooperatives. Provides labor and mechanization services that improve efficiency and reduce post-harvest loss.",4,"Women ownership >20%, youth employment focus, sustainable practices include climate-resilient silage storage, efficient fodder use, eco-friendly packaging, and local sourcing.",,,80,80,100,80,80,80,8,16,20,20,12,8,84,,0,84,14,
application_KJET-20251231120955-L4J8_with_attachments_2026-01-13_21-35-58,Applicant_KJET-20251231120955-L4J8,22,MERU,Dairy,,Yes,Yes,All eligibility criteria satisfied; cluster is eligible.,4,"Registered cooperative (Reg No. 22) established in 2014; clear governance with Chairperson, Secretary, Manager, Treasurer; growing membership (388 → 535 in 3 years) and employees (3 → 7). Moderate history (12 years).",5,Steady revenue growth: KES 17.1M → 23.8M (2022–2024) and profits increasing (KES 972k → 1.35M). Financial systems in place (DIGIFARM accounting). Bank statements provided.,5,"Operates in dairy value chain with strong B2B market (99% sales to processors). Clear competitive edge via quality milk, member services, reliable collection, and strategic location.",5,"Clear growth plans: expand milk collection, invest in cooling, solar power, transport fleet, digital record-keeping, and value addition. Evidence of strategic planning, BDS needs identified, and market outreach ongoing.",5,"Fully aligned with dairy value chain; critical role in aggregation, quality assurance, farm support services, and value addition. Key backward linkages with MSMEs and local suppliers.",5,"Women-owned enterprise (≥30% board women), strong sustainability practices: solar chilling, improved fodder, water harvesting, manure management, tree planting, agroforestry. Enhances resilience and productivity.",,Tier 1,80,100,100,100,100,100,8,20,20,25,15,10,98,,0,98,1,
application_KJET-20251218224444-KG2X_with_attachments_2026-01-13_21-41-07,Applicant_KJET-20251218224444-KG2X,PVT-AJUX23RD,MERU,Construction Materials,,Yes- Bank statement and  balance sheets,Yes-phone number,Requirements met,5,Incorporated in 2022 with 3 years of operations and workforce growth from 2 (2022) to 14 (2024). Certificate of Incorporation and signed financial statements verified.,4,"Strong revenue growth from KES 600,000 (2022) to KES 28.1M (2024) with consistent profitability (KES 4.3M in 2024). Balance sheet shows Net Assets of KES 9.5M and positive bank balance (KES 183,428), though no formal accounting system is used.",5,"Operates 100% B2B supplying aggregates and civil works to government and private developers, indicating stable demand within the construction value chain. Revenue scale supports active market presence.",4,"Clear scaling plan (crusher acquisition, fleet expansion, wheel loader investment) to improve margins and production control; targets reviewed monthly. Financial growth trend supports expansion feasibility.",5,"Fully integrated across sourcing, logistics, and infrastructure execution within the construction value chain, serving public and private sector clients; backward linkages locally established.",5,"Female participation increased to 6 of 14 members (2024) with youth majority (12 under 35). Environmental practices include quarry rehabilitation, dust suppression, and tree planting, though not women-owned.",,Tier 2,100,80,100,80,100,100,10,16,20,20,15,10,91,,0,91,2,
application_210_bundle.zip,Applicant_210,CS/15746,MERU,Dairy,,Balance Sheets,721871893,All documents presented,5,"Registered more than 5 years, governance, evidence of operation but not audit handovers",5,"over 90M turnover, 2 yr trend, stamped income statements",4,"Strong consistent market demand, but no active contracts/POs or digital/export channels",4,"Strong plan with quantified targets, clear execution, and risk management no costed budget",5,"Priority dairy VC; aggregation, processing, strong upstream/downstream linkages.",5,"30% women leadership, multiple green practices, strong inclusivity",,Tier 1,100,100,80,80,100,100,10,20,16,20,15,10,91,,0,91,5,
application_209_bundle.zip,Applicant_209,KJET-B6220209,MERU,Dairy,,Bank Statements,721770094,All documents presented,5,Registered more than 5 years,4,"8,216,000 turn over Stable Bank statements",5,Consistent and growing orders but no digital channels,4,"quantified targets, growth direction, execution steps, but budget and risk details are thin.",5,"Priority dairy VC; aggregation, processing, strong upstream/downstream linkages.",5,Strong gender balance but low youth inclusivity 100/513,,Tier 1,100,80,100,80,100,100,10,16,20,20,15,10,91,,0,91,5,
application_KJET-20251216171151-ZMIW_with_attachments_2026-01-13_21-41-26,Applicant_KJET-20251216171151-ZMIW,DSD/12/59/02/60908,MERU,Dairy,poultry and livestock,no,yes,less than 12 months bank statement,4,"Registered CBO in 2025 with verified certificate and rapid membership growth to 300 members in first year; however, no historical operational track record prior to 2024.",4,"Declared revenues show KES 0 for 2022–2024, though bank statement (6 months) reflects activity and balance above KES 303,000; absence of formal revenue reporting and accounting system limits financial strength assessment.",4,"Operates in poultry and dairy value chains with 80% income from chicks brooding and egg marketing, serving hotels (B2B 50%) and local consumers (B2C 50%), indicating established demand though scale is still emerging.",4,"Clear expansion plan including feed mill setup, incubator acquisition (3,000–5,000 capacity), MOUs with cooperatives, and pilot feed trials underway, demonstrating forward-looking strategy despite early-stage operations.",4,Active in poultry production and marketing with backward linkage to Kenchic suppliers and plan for internal feed production to strengthen value chain integration.,5,"Strong inclusivity with 200 women out of 300 members and climate-smart practices including composting, biogas, drought-resilient fodder, water conservation, and organic feed sourcing.",,,80,80,80,80,80,100,8,16,16,20,12,10,82,,0,82,#N/A,430
application_KJET-20251229110432-PUC1_with_attachments_2026-01-13_21-54-46,Applicant_KJET-20251229110432-PUC1,NTK/CBO/026/2014,MIGORI,Edible Oils,,yes-A bank statement is given,yes-phone number and email address are given,MSME Association/CBO (NTK/CBO/026/2014) since 2014 that deals with processing of sunflower seeds in to sunflower oil.,5,"12 years of operation since 2014. This indicates long-term resilience and deep-rooted community trust in Nyatike and it also has well structured leadership role(chairperson,secretary,treasurer)",5,"The balance as at the end of the bank statement is KSH57,031,281 which is a very good turn over since it is above the 10M threshhold",3,"They have a high B2C capture (97%), meaning they are the primary oil source for their local community. By selling 100% of their finished oil locally, they bypass high distribution costs and tap into the national trend of rising cooking oil prices , the only problem they have is that they do not have any online store",3,"Their biggest bottleneck is the ""Third-Party Dependency"" for oil extraction at Kiranda. The proposal to purchase an in-house oil press and filtration equipment will allow them to capture the 25–30% value-addition margin they currently share with contractors and another problem is they have no any working budget neither do they have any accounted budget.",5,Fully integrated. They manage everything from land preparation and cultivation (60% turnover) to processing and retail sales,5,"61% of members are youth (48/78) and 56% are women. Their ""Circular Economy"" approach—reusing seed husks for animal feed and organic compost—is an industry gold standard for sustainability",,Tier 1,100,100,60,60,100,100,10,20,12,15,15,10,82,,0,82,1,
application_448_bundle.zip,Applicant_448,CS/29535,MIGORI,Construction Materials,,Bank statement,707097414,Meets all elligibility criteria,4,2 years of operation,5,≥10M turnover,4,"consistent demand, multi-channel, differentiation",3,"(solid plan with quantified targets, but budget & risk analysis less detailed).",4,"clear participation in processing node with both upstream & downstream linkages).
→ Weighted = 8%",5,≥50% women + ≥50% youth + sustainability practice).,,Tier 1,80,100,80,60,80,100,8,20,16,15,12,10,81,,0,81,2,
application_399_bundle (1).zip,Applicant_399,ASS-A77AF23,MIGORI,OTHER,Welding and fabrication,Bank statement,721566012,Out of scoop in the value chain,4,"Legally registered for 2 years with documented leadership (Chairperson, Secretary, Treasurer listed) but no mention of audited hand overs.",3,"Positive growth trend, stable profits. Turn over Ksh 188,140-1511665 range.",5,"sales channels B2B(sugar factories, tobacco, construction),B2C exports and digital sales,strong repeat customers,multi-channel distribution,active pricing and product differentiation.",4,"Problem (fluctuating material prices,shortages, standardized issues),proposed solution (supplier links,import strategies, government certification), investment plans(design center, manufacturing plant, assembly plant, transport vehicles, continuous training), objectives (promote member interests, marketing, Training, inclusive participation.",4,"Clear role( construction - fabrication and welding),some documented upstream (local and imported materials) and down stream linkages (B2B,B2C exports).",3,"women participation 25&,youth participation 50&, green practices (protective gears)",,Tier 1,80,60,100,80,80,60,8,12,20,20,12,6,78,,0,78,3,
application_KJET-20251224120927-IFP5_with_attachments_2026-01-13_21-55-02,Applicant_KJET-20251224120927-IFP5,cs/5474,MIGORI,Dairy,,yes- a balne sheet and cash book have been submitted as proof,yes- phone number and email address have been given.,Registered Cooperative (CS/5474) since 1988 deals with buying milk from local farmers and taking it to processing,5,"Established in 1988. This is one of the most established cooperatives in the region, demonstrating long-term institutional stability and community trust and it also has a structured governance(chaiperson,secretary,treasurer)",3,The cash book shows a drop of income in 2024 the Turn Over was KSH1985760 while in 2025 the Turn Over was KSH1620652 this shows the business experienced a very significant loss. The turn over was more than 1M,3,"Strong B2B focus (80%). They have successfully identified their niche in institutional markets. Their price margins for value-added products like Yogurt (35%) and Mala (30%) are healthy, but they need to shift more of their volume into these categories to offset raw milk competition and also start selling their yoghurt and mala online",3,"The proposal to invest in Bulk Milk Coolers , solar-powered cooling, and a refrigerated delivery vehicle addresses their ""Problem Statement"" directly. The inclusion of digital solutions for farmer payments is a critical step toward modernization.The only problem is they did not ive the exact budget needed for all this to be met.",5,"Complete vertical integration. They handle procurement, processing (Yogurt/Mala), and distribution.It is a complete circle with both upstream and downstream linkages.",5,54% female membership and a strong youth component (693 members aged 18–35). Their Green Initiatives—recycling whey into animal feed and pilot solar cooling—are industry best practices for the Blue/Green Economy,,Tier 1,100,60,60,60,100,100,10,12,12,15,15,10,74,,0,74,4,
application_KJET-20251226173154-28YA_with_attachments_2026-01-13_21-54-52,Applicant_KJET-20251226173154-28YA,CS/30073,MIGORI,Textiles,"Deals with bananas(making crisps,fibre and eco bags)",no-bank statement with few transactions attached,yes-phone number and email address are given,Registered Cooperative (CS/30073) established in 2024 that deals with banana products production.,5,"Formally registered in 2024. While they have rapid growth, they lack the multi-year institutional history of older cooperatives (3 years and above). They are in the ""High-Growth Startup"" phase.",1,"The bank statement given only has transactions for the first 4 months of the year 2025 ,these traansactions are too little to position this group financially since the requirement was atleast a 1 year transaction.",3,"They are targeting high-growth niche markets: Gluten-free flour, Eco-bags, and—most notably—Banana Fibre for Hair Extensions. This is a brilliant strategic move to disrupt the synthetic hair market with a sustainable, locally-sourced alternative.",3,"Their plan to utilize 100% of the banana plant (fruit for food, stem for fiber, waste for compost) is a model of the ""Circular Economy."" Their specific equipment list (decorticators, fermentation tanks, oil filtration) is technically precise and well-justified.Their only problem is they do not have any documented budget in the records.",5,"They address every stage of the KJET priority areas: aggregation, primary processing, high-value manufacturing, and niche market branding.They have both the upstream and downstream linkages.The only problem is they are dealing with banana products which does not fall in any VC.",5,"60% women members with active leadership in management and procurement committees. Their ""Environmental Stewardship"" is baked into their business model through the replacement of synthetic hair and plastic bags with banana fiber products",,,100,20,60,60,100,100,10,4,12,15,15,10,66,,0,66,#N/A,459
application_KJET-20251227115828-OPXO_with_attachments_2026-01-13_21-54-50,Applicant_KJET-20251227115828-OPXO,108111/2012,MIGORI,Dairy,,no-attached a bank statement with few transactions,yes-phone number and email address are given,Registered Self-Help Group (108111/2012) since 2012 thatndeals with dairy activities.,5,"Operating since 2012 with a working leadership(chairperson,secretary,treasurer)",1,"The bank statement only shows the transactions for 1st,2nd,3rd december of 2024 ,these transactions are too few to position this group finaancially since they were required to atleast submit a 1 year transaction history.",3,They have a clear understanding of their local market (B2C) and the competition from branded dairy companies. Their competitive edge is freshness and community ties. Their ghee product (KES 400 per 250ml) is a high-margin value-add,3,"The request for a milk cooling unit, chaff cutters, and mala/yogurt processing units is the perfect ""next step"" for a group of this size. Moving from raw milk to value-added products (Yogurt/Mala) will double their margins",4,"Strongly aligned. They are addressing the ""Support Service"" and ""Processing"" gaps in the Nyatike dairy sector",5,"80% youth (16/20 members) and 70% women (14/20). Their sustainability practices are highly articulated: Zero-grazing, Fodder conservation  and Solar lighting",,Tier 1,100,20,60,60,80,100,10,4,12,15,12,10,63,,0,63,6,
application_KJET-20251228155759-HL2N_with_attachments_2026-01-15_15-55-49,Applicant_KJET-20251228155759-HL2N,BN/2012/201703,MOMBASA,Blue Economy,,No,Yes,Very minimal transactions uploaded,5,"Registered in 2013, with a well functional governance",1,Very mininal transaction evidence,4,"90% B2B with hotels/schools, growing channels including digital, consistent monthly orders",5,"Detailed expansion plan with costed budget (10 ponds, 5M revenue target), SMART targets, risk mitigation",5,"Priority VC (Blue Economy), aquaculture production node, documented upstream/downstream linkages",5,"51% women-owned, 75% female board, 3+ green practices",,Tier 2,100,20,80,100,100,100,10,4,16,25,15,10,80,,0,80,1,
application_263_bundle.zip,Applicant_263,PVT-6LUK77G6,MOMBASA,Construction Materials,,Bank Statements,727627856,A plc with verifiable registration,4,Registered 2 yrs,3,"Stable, mpesa statement provisional",4,No uploaded offtake contracts/POs to evidence “active buyer contracts,4,No costed budget,4,"they do not fill a critical node (e.g., large-scale aggregation/processing facility, exclusive distributor, or manufacturing hub)",4,≥50% women or youth + 2+ green practices.,,Tier 2,80,60,80,80,80,80,8,12,16,20,12,8,76,,0,76,2,
application_KJET-20251220160031-GJC8_with_attachments_2026-01-15_15-56-30,Applicant_KJET-20251220160031-GJC8,PVT-Y2U55JV,MOMBASA,OTHER,poultry production and input distribution.,Yes,Yes,All requirements met,5,"Registered since 2021, and have clear leadership structure",2,Turnover is below 1M with marginal annual growth (504K → 528K),4,"Clear B2B/B2C segmentation, with use of digital tools",4,"A 3-year phase expansion plan (EC housing, cold chain, IoT); structured KPIs, but with no detailed budget provided.",3,Strong internal value chain integration (input distribution + production + retail) but sector classified as non-priority.,5,"100% women-owned; multiple documented green initiatives (solar, composting, rainwater harvesting, biogas).",,Tier 1,100,40,80,80,60,100,10,8,16,20,9,10,73,,0,73,3,
application_KJET-20251225201557-DLRJ_with_attachments_2026-01-15_15-56-07,Applicant_KJET-20251225201557-DLRJ,DSD/1/3/02/165719,MOMBASA,Blue Economy,,Yes,Yes,All requirements met,5,"Registered in 2019, 6 years operational, documented governance with monthly and quarterly reviews",3,Turnover is less than 1M,3,"65% B2C community services, growing institutional interest, one primary channel",3,"Clear conservation and livelihood objectives, lacks detailed budget",4,"Priority VC (Blue Economy), waste-to-value processing, documented community and institutional linkages",5,"51% of leadership owned by women, 7+ documented green practices",,Tier 1,100,60,60,60,80,100,10,12,12,15,12,10,71,,0,71,4,
application_KJET-20251217125428-RA8R_with_attachments_2026-01-15_15-56-44,Applicant_KJET-20251217125428-RA8R,DSD/LKN/CD/2020/000118,MOMBASA,Blue Economy,,Yes,Yes,All requirements met,5,Registered in 2020 and has active leadership,2,Turnover is less than 1M,3,"Has 2 channels,",3,"Has a clear plan, with no budget",4,"Active in procurement, processing and distribution within Blue Economy.",4,20% women; multiple green practices mentioned.,,Tier 1,100,40,60,60,80,80,10,8,12,15,12,8,65,,0,65,5,
application_KJET-20251224181820-DRDT_with_attachments_2026-01-15_15-56-17,Applicant_KJET-20251224181820-DRDT,BN_EZC9JZY,MOMBASA,OTHER,"Specializes in processing nutrient-rich, gluten-free grains and seeds.",No,Yes,The financials are only for one month,5,"Registered 2019, 6 years operational, documented leadership with 6 officers",1,Minimal transactions from August to October 2025,4,"75% B2B with schools/hospitals/NGOs, growing channels, no digital presence yet",5,"Detailed expansion plan with costed equipment needs, SMART targets, risk mitigation strategies",0,Not in priority value chain (specialty flour processing with sorghum/amaranth/baobab),5,"51% woman-owned, 10+ documented green practices",,Tier 2,100,20,80,100,0,100,10,4,16,25,0,10,65,,0,65,5,
application_KJET-20251222124024-ICCR_with_attachments_2026-01-13_22-01-07,Applicant_KJET-20251222124024-ICCR,PVT/2016/008227,MURANG'A,Edible Oils,,Yes,Yes,All requirements met,5,"Registered in 2016, with a full governance structure (Secretary, CEO, Director, Manager)",2,Turnover is less than 1M,5,"100% exports (Europe, UK, USA, China). EPZ status. 40% avocado oil, 60% fresh exports. Xero accounting. International certifications",5,"Detailed plan: upgrade oil lines, expand cold storage, Western Kenya expansion (4,000 farmers). 5-year business plan available. Clear KPIs",5,"Edible Oils (priority VC), vertically integrated: 8,500 farmers→processing→export. Extra virgin avocado oil + fresh exports. Biogas innovation",4,"46% female membership. CARBON NEUTRAL, biogas waste-to-energy, tree nursery, regenerative practices",,Tier 1,100,40,100,100,100,80,10,8,20,25,15,8,86,,0,86,1,
application_KJET-20251226212601-4JGB_with_attachments_2026-01-13_22-01-47,Applicant_KJET-20251226212601-4JGB,CS/6904,MURANG'A,Coffee,,Yes,Yes,All requirements met,5,"Registered in 1993, full governance (6 officers), 7,600 members, 4 wet mills. Exceptional operational history",2,"Turnover is less than 1M, with stable financials",5,"70% exports, 30% B2C. Multiple buyers (Louis Dreyfus, Dorman, Taylor Winch, etc.). 66% operating margin",5,"EXCEPTIONAL PLAN: Detailed 85.5M investment (wet mills 10M, solar 6M, composting 6M, regenerative ag 9.5M, apiary 6M, micro-miller 32M, GI branding 10M, M&E 6M). 2024-2029 strategic plan",5,"Coffee (priority VC), full integration: 4 wet mills→processing→marketing→export. Plans micro-milling + roastery.",4,"32% female membership, CEO is a woman. Agroforestry, organic composting, solar drying, rainwater harvesting, regenerative agriculture",,Tier 1,100,40,100,100,100,80,10,8,20,25,15,8,86,,0,86,1,
application_KJET-20251231124202-FVXE_with_attachments_2026-01-13_22-04-12,Applicant_KJET-20251231124202-FVXE,GSS/MUR/CBO/104,MURANG'A,Dairy,,Yes,Yes,All requirements met,3,"Registered in 2020, with a basic governance structure (Chairperson, Secretary, Treasurer). CBO structure",4,"Turnover is between 5M and 10M, with stable financials",4,"70% B2B (retailers, hotels, schools, hospitals), 30% B2C. Digital channels. QuickBooks. MOUs with 2 regional distributors",4,"Clear plan: higher-capacity pasteurization, automated packaging, expanded cold storage, quality assurance tech. MOUs signed with distributors",5,"Dairy (priority VC), full processing: procure raw milk→pasteurize→cool→package→distribute. 85% pasteurized milk, 15% bulk. Value addition",5,"69% female membership, women-owned. Manure composting, rainwater harvesting, energy-efficient equipment, tree planting",,Tier 1,60,80,80,80,100,100,6,16,16,20,15,10,83,,0,83,3,
application_KJET-20251231033524-L5WF_with_attachments_2026-01-13_22-04-25,Applicant_KJET-20251231033524-L5WF,CS0692,MURANG'A,Coffee,,Yes,Yes,All requirements met,5,"Registered 1970, full governance structure (5 officers), 7,439 members, 9 wet mills. LONGEST TRACK RECORD IN MURANG'A",2,"Turnover is less than 1M, with stable financials",5,"99% exports (Ibero Kenya, Dorman, Kenyacof, Sasini), 1% B2B. 9 wet mills. Coffee roasting/packaging. QuickBooks accounting",4,"Clear plan: water pumps replacement (5 factories), pulping machine upgrades, roasting/packaging machine. Detailed equipment needs. No costed budget",5,"Coffee (priority VC), 9 wet mills processing→Nairobi Exchange + value addition (roasting/packaging). Own nursery. Farm inputs on credit",4,"20% owned by women and one woman as CEO/COO/President/Vice President. Solar panels, water recycling, indigenous trees, soil conservation, solar dryers",,Tier 1,100,40,100,80,100,80,10,8,20,20,15,8,81,,0,81,4,
application_KJET-20251222161100-MQCY_with_attachments_2026-01-13_22-01-29,Applicant_KJET-20251222161100-MQCY,C.83904,MURANG'A,Tea,,Yes,Yes,All requirements met,5,"Registered in 1998, with a good governance structure (Chairperson, Secretary, CEO, Director). Long operational history",2,"Turnover is less than 1M, with stable financials",5,"97% exports (UK, Pakistan, Egypt), 3% domestic. Direct overseas buyers (higher margins). SAP accounting system.",4,"Clear plan: automate withering, install solar energy, expand direct export markets. Regular reviews. No costed budget provided",5,"Tea (priority VC), full processing: collection→withering→processing→drying→sorting→export. 5,978 farmers",4,"More than 30% female farmers, women Chairperson, 2 Board female members. Rainforest Alliance, Fair Trade certifications",,Tier 2,100,40,100,80,100,80,10,8,20,20,15,8,81,,0,81,4,
application_KJET-20251222115902-XADX_with_attachments_2026-01-13_22-01-04,Applicant_KJET-20251222115902-XADX,CS13858,MURANG'A,Dairy,"They also buy and sell feeds and mineral
supplements to farmers on check off system.",Yes,Yes,All requirements met,5,"Registered 2011 (13+ yrs), full governance (5 officers), Strong operational history",4,"Turnover is 5M - 10M, with stable financials",4,"98% B2B (processors, institutions, hotels), 2% B2C. 14,000L daily collection. Prompt monthly payments to farmers",4,"Clear plan: increase cooling capacity (5K→14K liters), yoghurt production. Quarterly reviews. No costed budget provided",4,"Dairy (priority VC), milk aggregation/grading/transport. 98% milk, 2% feeds. Plans yoghurt value addition.",3,"60% female membership. Biogas partnership (Homebiogas), fruit tree planting, income diversification",,Tier 1,100,80,80,80,80,60,10,16,16,20,12,6,80,,0,80,6,
application_KJET-20251220142352-IUDP_with_attachments_2026-01-14_09-55-15,Applicant_KJET-20251220142352-IUDP,PvTZQULRDZQ,NAIROBI,Construction Materials,,YES,YES,"All requirements have been met within the PVC, valid registration certificate, provided contact details, and financial evidence",4,Registered 2022 (1–3 years category).Leadership: CEO in place.Employee growth from 20 → 42 in 3 years indicates operational scaling.,4,"KES 10M in 2022 and 2023; high profitability.Positive cash flow and verified income statements.Meets top-tier financial criteria for turnover, trend, and documentation.",4,"Active B2B (70%) and B2C (30%) client base.Niche in semi-urban and emerging areas.Competitiveness strengthened by professionalism, timely delivery, and international standards.Some opportunities to formalize long-term contracts.",4,Clear expansion plan: own guesthouse development in border towns.Detailed investment plan for transport fleet (KES 21M).Structured targets with QA monitoring.Minor gaps: formalized risk mitigation and detailed costed budgets.,5,"Active role in Construction priority value chain.Procurement of key building materials, delivery to sites, and service provision to clients.Fully aligned with sectoral objectives.",4,"Women-owned and managed (founder and CEO).Youth-dominated workforce (100% aged 18–35).Green construction practices: maximize natural light, durable materials, formal green policy.",,Tier 2,80,80,80,80,100,80,8,16,16,20,15,8,83,,0,83,1,
application_KJET-20251230154522-X0WP_with_attachments_2026-01-14_09-54-10,Applicant_KJET-20251230154522-X0WP,PVT-7LUMGYY,NAIROBI,Construction Materials,,YES,YES,"All requirements have been met within the PVC, valid registration certificate, provided contact details, and financial evidence",4,Registered in 2018 (≥5 years operational)Robust governance In place,5,"Multi-year positive revenue and profits,Accounting system in place (Zoho Books)Supporting documents attached",4,"Strong B2B (70%) and B2C (26%) customer base.Active export market (4%) Well-established client base: developers, government, banks, hospitality, residential clients.Detailed competitor analysis and market positioning provided",4,"Clear expansion plans: CNC machines, larger workshop, integrated design-to-production software Operational efficiencies, marketing, and workforce training included Track record shows capacity to deliver large-scale projects and scale operations",3,Integrated design-build-manage model.In-house manufacturing contributes 70% of turnover.Backward linkages with local and international suppliers clearly defined,4,"Woman-owned enterprise (CEO and majority ownership female).Gender-diverse workforce.Strong sustainability practices: biophilic design, green manufacturing, tree planting, paperless operations",,Tier 2,80,100,80,80,60,80,8,20,16,20,9,8,81,,0,81,2,
application_KJET-20251229184531-LNBR_with_attachments_2026-01-14_09-54-21,Applicant_KJET-20251229184531-LNBR,PVT-8LU79ZZ7,NAIROBI,Construction Materials,,YES,YES,"All requirements have been met within the PVC, valid registration certificate, provided contact details, and financial evidence",3,Registered for approximately 3 years with documented leadership and clear operational continuity. Governance appears functional though no formal board structure detailed.,5,Verified financial documentation shows strong positive multi-year growth(Turnover in 2024: KES 60M (≥10M threshold exceeded). with substantial revenue expansion and profitability. Clear financial stability and scaling capacity,4,"Strong evidence of market traction including wholesale channels, regional exports, and diversified customer base. Clear competitive positioning on price, quality, and variety.",4,"Expansion strategy is strong(new machinery, BRC, wire mesh, rebar)and structured with clear regional targeting and product diversification. However, no detailed costed capital budget or financing plan included, creating minor feasibility gap.",4,"Company operates at a core processing/manufacturing node within a priority value chain with documented upstream((Devki, Sinoma, Hornex). and downstream integration(hardware, exports).",3,"Moderate youth inclusion and one strong sustainability practice (full recycling). However, no women ownership and limited diversity strategies reduce score. Green practices present but limited in scope.",,Tier 2,60,100,80,80,80,60,6,20,16,20,12,6,80,,0,80,3,
application_KJET-20251230160918-60AJ_with_attachments_2026-01-14_09-53-11,Applicant_KJET-20251230160918-60AJ,BN-GVCPBEX,NAIROBI,Dairy,,YES,YES,"All requirements have been met within the PVC, valid registration certificate, provided contact details, and financial evidence",4,"Registered in 2019 → 5+ years operational Clear governance structure (CEO, Director, Manager, Treasurer, Secretary, Chairperson)",4,"Financials show strong 2-year growth Revenue: KES 31M → 75M → 150M (2022–2024),evidence of liquidity and stability.",4,"Strong market evidence with repeat customers, multi-channel sales(B2B: 35%, B2C: 65%; buyers include cooperatives, farmer groups, direct retail to farmers Presence across multiple counties: Nairobi, Kiambu, Machakos, Kajiado, Murang’a, clear competitive positioning, expansion strategy detailed.",4,"Business plan is detailed((KES 150M annual turnover target), costed, with measurable targets(quipment upgrades, ERP adoption, expansion of delivery fleet) and strategic roadmap. Feasibility and risk management clearly articulated.",4,Critical node in dairy feed value chain with documented supplier and customer linkages.,4,"High women participation in leadership,Sustainable practices: local sourcing, efficient feed formulation, energy/water efficiency, climate-smart farming support, exploration of biodegradable packaging",,Tier 2,80,80,80,80,80,80,8,16,16,20,12,8,80,,0,80,3,
application_305_bundle.zip,Applicant_305,CS/11960,NAIROBI,Construction Materials,,income statement,709194100,alighned to the scope,5,has been registered for more than 3years.,5,has more than 10M turnover.,4,there is consistent channel of sales  indluding digital platform.,3,the business proposal has unclear targets and budget,4,there are some visible linkages and potential for growth.,3,there is gender inclusive,,Tier 1,100,100,80,60,80,60,10,20,16,15,12,6,79,,0,79,5,
application_KJET-20251229135006-KMOJ_with_attachments_2026-01-14_09-54-26,Applicant_KJET-20251229135006-KMOJ,16432,NAIROBI,Construction Materials,,YES,YES,All requirements met,4,Excellent operational history and defined leadership structure.,3,"Strong revenue growth and financial scale. However, absence of accounting system is a major weakness for a business of this size",3,Clear market understanding and strong demand in school uniform segment (recurring demand market).,4,"Clear 3–5 year expansion plan,Defined production targets,Export roadmap (EAC),KEBS certification target,Specific equipment investment plan,Monthly/quarterly KPI review",3,Good integration in textile value chain but high reliance on imported fabric reduces backward linkage strength.,4,"Strong social inclusion. Sustainability practices present (solar, waste reduction), but environmental strategy is still developing.",,,80,60,60,80,60,80,8,12,12,20,9,8,69,,0,69,#N/A,
application_308_bundle.zip,Applicant_308,CS/17679,NAKURU,Dairy,,audited financial statement,723463882,alighned to the scope,5,registered for 10 years,4,has turnover of about 6M,4,has consistent monthly sales to processing plants and direct to farmers,4,strong with minor gaps,4,there are some strong linkages with potential for growth,2,there is low inclusion of youth and women,,Tier 1,100,80,80,80,80,40,10,16,16,20,12,4,78,,0,78,1,
application_389_bundle.zip,Applicant_389,PVT-27ULQYM3,NAKURU,Dairy,,Bank statement,721463265,Meets all criteria,3,Rejestered less than a year,1,less than 5M,5,,4,: Strong plan with minor gaps,4,clear node participation,4,"Youth participation,green practices",,Tier 2,60,20,100,80,80,80,6,4,20,20,12,8,70,,0,70,2,
application_KJET-20251218172807-ZVA2_with_attachments_2026-01-14_10-03-47,Applicant_KJET-20251218172807-ZVA2,BN-35CDYJVY,NAKURU,Construction Materials,,yes,yes,All requirements met,4,"registered in 2022, active leadership",2,turnover of less than 1M,4,has 3 channels,3,has a plan but no budget,4,has no clear processes,4,"high participation of women and youth, 1 green practices",,Tier 2,80,40,80,60,80,80,8,8,16,15,12,8,67,,0,67,3,
application_KJET-20251225142602-PL26_with_attachments_2026-01-14_10-03-19,Applicant_KJET-20251225142602-PL26,C.112405,NAKURU,Construction Materials,,yes,yes,All requirements met,5,"registered in 2004, active leadership",2,turnover of less than 1M,3,has 2 market channels,3,has a plan but no budget,4,no clear processes,2,"low inclusion, 2 green practices",,Tier 1,100,40,60,60,80,40,10,8,12,15,12,4,61,,0,61,#REF!,
application_KJET-20251119202715-YC9M_with_attachments_2026-01-14_10-03-53,Applicant_KJET-20251119202715-YC9M,PVT-BEUXA6PZ,NAKURU,Dairy,,yes,yes,All requirements met,4,"registered in 2022, active leadership",2,turnover of less than 1M,3,has 3 market chanels,3,"clear plan , no budget",5,clear processes and market linkanges,4,"high participation of women and youth, 2 green practices",,Tier 2,80,40,60,60,100,80,8,8,12,15,15,8,66,,0,66,4,
application_KJET-20251225224006-XYVX_with_attachments_2026-01-14_10-03-16,Applicant_KJET-20251225224006-XYVX,PVT-DLUL33XE,NAKURU,OTHER,agriculture,yes,yes,All requirements met,4,"registered in 2022, active leadership",2,turnover of less than 1M,3,has 3 market chanels including digital chanel,3,has a plan but no budget,5,clear processes and market linkanges,4,"high inclusion of the youth, inclusivity of green practices",,Tier 2,80,40,60,60,100,80,8,8,12,15,15,8,66,,0,66,#REF!,
application_KJET-20251230173218-G258_with_attachments_2026-01-14_10-14-11,Applicant_KJET-20251230173218-G258,,NANDI,Coffee,,No,Yes,Most recent financial statement is from 2022,5,Registered more than 3 years with functioning governance,1,Thin evidence,3,Regular sales in  one channel,4,Strong plan with minor gaps in targets,5,Cofee aggregation,2,Low inclusion with ad-hoc green steps,,Tier 1,100,20,60,80,100,40,10,4,12,20,15,4,65,,0,65,1,
application_KJET-20251128120522-YUHN_with_attachments_2026-01-14_10-14-43,Applicant_KJET-20251128120522-YUHN,BN/2012/176119,NANDI,OTHER,Welding of utensils and cooking equipment,Yes,Yes,All requirements met,5,Registered more than 3 years with functioning governance,4,Turnover is 5M - 10M,3,Regular local sales,2,Unclear resourcing and vague plan,5,Makes the utensils and cooking equipment from raw materials,2,Low inclusion with ad-hoc green steps,P2,,100,80,60,40,100,40,10,16,12,10,15,4,67,,3,64,2,
application_KJET-20251228121533-NJAG_with_attachments_2026-01-14_10-14-31,Applicant_KJET-20251228121533-NJAG,CS/26685,NANDI,Coffee,,No,Yes,Financial evidence provided 3 months only,5,Registered more than 3 years with functioning governance,1,Thin evidence,3,Regular local sales,2,Unclear resourcing and vague plan,5,Cofee beans pulping and drying,2,,,,100,20,60,40,100,40,10,4,12,10,15,4,55,,0,55,6,
application_KJET-20251219154700-UXLF_with_attachments_2026-01-14_10-14-39,Applicant_KJET-20251219154700-UXLF,9303,NANDI,Coffee,,Yes,Yes,minimal financial evidence,5,Registered more than 3 years with functioning governance,1,Thin evidence,3,has 1 channel which is exports,2,Unclear resourcing and vague plan,5,Cofee beans processing to produce cofee,5,above 50% women and green practices,,Tier 1,100,20,60,40,100,100,10,4,12,10,15,10,61,,0,61,3,
application_KJET-20251229215554-NRBB_with_attachments_2026-01-14_10-14-21,Applicant_KJET-20251229215554-NRBB,CS/23932,NANDI,Coffee,,No,Yes,Most recent financial statement is from 2022,5,Registered more than 3 years with functioning governance,1,Thin evidence,3,Regular B2B sales,3,Clear direction with generic targets,4,Breaks down coffee cherries into parchement then sells to cofee processors,2,Low inclusion with ad-hoc green steps,,Tier 1,100,20,80,60,80,40,10,4,16,15,12,4,61,,0,61,3,
application_KJET-20251231153342-4MZ6_with_attachments_2026-01-14_10-13-56,Applicant_KJET-20251231153342-4MZ6,11069/2015,NANDI,OTHER,Animal feed production,Yes,Yes,All requirements met,5,Registered more than 3 years with functioning governance,2,Less than 1M turnover and sporadic evidence,3,Regular clients through one channel,3,Clear direction with generic targets,2,"Peripheral node, providing animal feeds to dairy farmers",2,Low inclusion with ad-hoc green steps,,Tier 1,100,40,60,60,40,40,10,8,12,15,6,4,55,,0,55,5,
application_KJET-20251224212045-B7TH_with_attachments_2026-01-14_10-18-40,Applicant_KJET-20251224212045-B7TH,NRK/DSS/NESC/0083,NAROK,Dairy,Dairy and fodder production and sale,Yes (detailed word bank statement but no verification signature or stamp),Yes,All Requirements met,5,Registered in 2020,5,"Turnover is >10 million, positive 2 year trend, presence of bank and income statements (though unsigned/stamped)",4,"Consistent customers, three channels and digital markplaces (needs verification inconsistency in response... give percentages for 3 channels but also names all 3 targets as local consumers inc the export market)",4,Strong plan with visible targets but no costed budget,4,"Priority value chain, Clear node participation (production+aggregation), however undocumented linkages",4,"Female and youth inclusion and participation, several green practices",P1,Tier 1,100,100,80,80,80,80,10,20,16,20,12,8,86,,5,81,1,
application_KJET-20251231095804-YFD6_with_attachments_2026-01-14_10-18-35,Applicant_KJET-20251231095804-YFD6,CS/18321,NAROK,Dairy,"Dairy farming and aggregation, small scale processing of fermented products",Yes (account ledger 2016-2025),Yes,All Requirements met,5,Registered in 2015,2,"Turnover <1M (300k), sporadic irregular records)",3,"Has 2 channels, no e-commerce or digital marketplaces",3,"Clear direction, generic targets stated",5,"Priority VC, farming aggregation and small scall processing, documented linkages",3,"Moderate inclusion, no stated green practices",,Tier 1,100,40,60,60,100,60,10,8,12,15,15,6,66,,0,66,2,
application_KJET-20251231130712-3L1C_with_attachments_2026-01-14_10-18-31,Applicant_KJET-20251231130712-3L1C,CS/896,NAROK,Dairy,"Cooperative collection of raw milk, cooling and transportation to Kinangop factory",Yes ( certified income statement),Yes,All Requirements met,5,Registered in 1962,1,High turnover more than 10M but unverifiable due to think evidence (income statement for 1 month),3,"Has 1 channel, regular local sales, no e-commerce or digital marketplaces",3,"Clear direction, knowledge of challenges, generic targets, no costed budget",4,"Priority VC, clear node participation collection and cooling, some llinkages selling to Kinangop factories",5,"50% female and moderate youth inclusion, implemented 2+ green pracices",,Tier 1,100,20,60,60,80,100,10,4,12,15,12,10,63,,0,63,3,
application_KJET-20251230112854-GOZ4_with_attachments_2026-01-14_10-18-38,Applicant_KJET-20251230112854-GOZ4,CPR/2015/213862,NAROK,Dairy,"Dairy aggregation, chilling for sale, potential for processing (built factory yet to aquire equipment)",Yes (balance sheets),Yes,All Requirements met,5,"Registered in 2015, documented structure",1,"Thin evidence, minimal finacial transactions ( provided 1 month, sept records in 2020)",3,"Regular local sales, 1 channel B2B",3,"Clear direction, generic targets stated financial support needed",4,"Priority VC,clear participation and direct linkages (aggregation, chilling and selling to factories)",3,"Moderate inclusion, intent on green practices but yet to be implemented",,Tier 2,100,20,60,60,80,60,10,4,12,15,12,6,59,,0,59,4,
application_KJET-20251223150440-VY9K_with_attachments_2026-01-14_10-18-42,Applicant_KJET-20251223150440-VY9K,CS/29109,NAROK,OTHER,"Primary agricultural farming and aggregation (maize, finger millet and beans) with dairy component",Yes (approved Mpesa statements),Yes,All Requirements met,4,"Registered in 2023, documented leadership",2,"Turnover is <1 million (highest 620k), positive 2 year trend",3,"Has 2 channels, no e-commerce or digital marketplaces",3,"Clear direction, generic targets stated financial support needed",2,"Not a priority Clear node participation, direct linkages, Prioiriy VC (dairy aggregation component)",5,50% female and youth inclusion various green practices,,Tier 1,80,40,60,60,40,100,8,8,12,15,6,10,59,,0,59,4,
application_KJET-20251223145101-KPEW_with_attachments_2026-01-14_10-18-47,Applicant_KJET-20251223145101-KPEW,CS/28914,NAROK,OTHER,"Primary agricultural production and aggregation (millet, maize and beans) with dairy component",Yes (approved Mpesa statements),Yes,All Requirements met,4,"Registered in 2023, documented leadership",2,"Turnover is <1 million, positive 2 year trend",3,"Has 2 channels, no e-commerce or digital marketplaces",3,Clear plan no budget,2,"Not a priority value chain, Clear node participation (production+aggregation), documented linkages",4,"30% female and youth, implemeted 2 green practices",,,80,40,60,60,40,80,8,8,12,15,6,8,57,,0,57,#N/A,
application_KJET-20251222172454-H5ZJ_with_attachments_2026-01-14_10-26-41,Applicant_KJET-20251222172454-H5ZJ,CPR/2013/94981,NYAMIRA,Textiles,,yes-bank statement attached,yes-phone numbers and emil address given,"Private Company (CPR/2013/94981) established in 2013 that deals with  processing banana waste in to fibre for making textiles, hair extensions, vegan leather, bioplastics, and organic fertilizers.",5,"Regestered since 2013 with a very organized leadership consisting of chaiperson,treasurer and secretary.",5,"Turn Over of KSH 11,652,402 as at 2025 and there is a positive 2 year positive trend since the Turn Over for 2024 was KSH 2,109,504",5,"20% of their revenue is from exports to Canada. They are not just selling locally; they are meeting international standards for Vegan Leather and Bioplastics,positioning them at the forefront of the global cleantech market.",5,"Their request for KES 20M for fiber extraction for textiles and hair extensions is well-supported by their existing Benefit-Cost Ratios  of up to 3.25:1. They are moving into Biorefinery concepts, which is the most advanced form of agricultural value addition.",5,"They serve as an aggregator for the Wefahson Banana Farmers Cooperative, creating backward linkages that directly boost farmer profits by an estimated 17%.",5,80% women-owned and 70% women-managed. They have doubled their employee count from 17 to 42 in just two years. Their Zero Waste model is the definition of environmental sustainability,,Tier 2,100,100,100,100,100,100,10,20,20,25,15,10,100,,0,100,1,
application_KJET-20251230135507-CWO9_with_attachments_2026-01-14_10-26-30,Applicant_KJET-20251230135507-CWO9,KJET/2025/00752,NYAMIRA,Coffee,,yes-balance sheet attached,yes-phone numbers and emil address given,Cooperative established in 1959 deals with coffee planting and processing.,5,"Established in 1959 and has a functioning leadership(chairperson,secreatry,tresurer)",5,"2023 Turn Over is KSH 27,620,519 while that of 2024 is KSH 36,768,625 . This shows that there was a positive two year trend.",5,90% of their sales reach the European market through reputable buyers like Ibero Kenya and Alliance Berries. They have a clear direct-to-export link,3,They have identified exactly where value is being lost: Obsolete pulpers and insufficient drying beds . Their request for Eco-Pulpers and Solar Driers is the industry gold standard for improving bean quality and fetch higher premiums.,5,Perfect alignment with the Coffee priority sector. They are moving from basic processing to high-quality Specialty Coffee standard,4,"While membership is male-skewed, they have a proactive plan to amend bylaws to anchor youth and women in leadership. Their Green initiatives are sophisticated, including Carbon Credit exploration through shade-tree planting and the use of coffee husks as organic mulch",,Tier 1,100,100,100,60,100,80,10,20,20,15,15,8,88,,0,88,2,
application_KJET-20251230125649-CZAD_with_attachments_2026-01-14_10-26-32,Applicant_KJET-20251230125649-CZAD,RA-M7S65K,NYAMIRA,Textiles,,yes-mpesa statement attached,yes-phone numbers and emil address given,Registered Self Help Group (RA-M7S65K) since 2020 that dels with fibre making.,5,"4 years of consistent operation. They have successfully navigated the ""startup"" phase and are now in a clear growth trajectory.They have a structured leadership(chairperson,secretary,treasurer)",1,Very minimal transactions,3,"By locking in school and corporate contracts (80% B2B), they reduce marketing costs and ensure bulk sales. Their rural price advantage allows them to undercut town-based competitors while maintaining quality.The only challenge is that they do not have any online buyers .",3,"Their 2030 roadmap is detailed  It includes specific KPIs for Right-First-Time rates, omnichannel expansion, and a store-in-a-box kit for national franchising the only problem with this plan is it is not budgeted,no mathematical figures given.",5,Directly supports the Textile priority sector with a clear emphasis on Value Addition (transforming raw fabric into finished garments),5,"youth (86%) and female (80%) representation. Their sustainability efforts are unique: they combine ""Green Packaging"" with actual reforestation (500 gum trees) and agribusiness (200 passion fruit trees) to create a diversified, resilient",P2,,100,20,60,60,100,100,10,4,12,15,15,10,66,,3,63,#N/A,
application_KJET-20251230194358-ZQGG_with_attachments_2026-01-14_10-26-27,Applicant_KJET-20251230194358-ZQGG,CS/1754,NYAMIRA,Dairy,,yes-balance sheet attached,yes-phone numbers and emil address given,Cooperative (CS/1754) established in 1967 that does dairy farming,5,"Established in 1967 and has a functioning leadership(chairperson,secreatry,tresurer)",2,"2023 Turn Over is KSH 824,190 while 2024 Turn Over is KSH 838,045 .They are both below 1M but it is a positive trend",3,"Currently 100% dependent on Kenya Cooperative Creameries (KCC). While this offers a guaranteed market, it leaves them vulnerable to KCC’s delayed remittances. Their move toward Milk ATMs and Yogurt is strategically",5,"Their request for a pasteurizer, yogurt machine, and ATMs (Totaling ~KES 5M) directly addresses their biggest pain point: 27% milk spoilage. Converting raw milk to yogurt immediately triples the shelf life and doubles the margin.",5,Perfect alignment. Dairy is a core  priority. They are attempting to move from a linear logistics model to a circular value-addition model,4,"Near gender parity (134Female/145Male) is excellent. However,  only 4 out of 279 members are under 35 years old (1.4%). The cooperative is aging out. Their green initiatives (Calliandra/Sesbania fodder and avocados) are strong environmental markers",,Tier 1,100,40,60,100,100,80,10,8,12,25,15,8,78,,0,78,3,
application_KJET-20251231171719-SB78_with_attachments_2026-01-14_10-26-25,Applicant_KJET-20251231171719-SB78,CS/12339,NYAMIRA,Coffee,,yes-bank statement attached,yes-phone numbers and emil address given,Cooperative (CS/12339) established in 2009. that does coffee farming and processing,5,"Established in 2009(17 years in operations) with structured leadership(chairperson,secretary,treasurer)",2,"2025 Turn Over as per the bank statement is KSH 290,218 which is way too low compared to the 1M threshold",3,"Currently 100% dependent on millers . Their uniqueness is stated as negotiating better pricing, but they lack a formal brand or direct-to-market linkage. Their ambition to bypass millers is bold but currently lacks an operational roadmap",3,"While they target a massive increase to 5,000 farmers and 1M kgs of coffee, their plan to achieve this is thin. They mention modern machinery and expanded storage but provide no technical specifications or costings.",5,Directly aligned with the Coffee priority sector. They manage the critical wet-mill stage of the value chain,5,high female membership (695 women vs. 598 men) and a healthy youth participation rate (30%). Their sustainability practices are  solar drying and organic waste recycling (using coffee pulp as fertilizer).,,Tier 1,100,40,60,60,100,100,10,8,12,15,15,10,70,,0,70,4,
application_KJET-20251217180643-FB0W_with_attachments_2026-01-14_10-26-53,Applicant_KJET-20251217180643-FB0W,CS/26372,NYAMIRA,Textiles,,yes-bank statement and balance sheet given,yes-phone numbers and emil address given,Registered Cooperative (CS/26372) since 2021 and deals with processsing of fibre from bananas hence the textile industry,5,"Operating since 2021 and a whole set of prophesional leaders(chaiperson,treasurer,secretary)",3,"Turn over for 2023 was KSH 5,314,364 and that of 2024 was KSH 4,918263 which is a significant loss according to the balaance sheet.",3,"They have a balanced B2B/B2C split (50/50). By targeting ""Slow Fashion"" and eco-décor, they avoid competing with cheap synthetic imports and instead compete in premium value tiers,their only problem is they have not ventured in online sells.",2,"Their  Moving from manual decortication to semi-automatic machines will triple output. Their plan for a natural dyeing unit significantly increases the value of their finished woven goods. the issue is they have no plan on how they will carry out their moving,no budget",5,"They have three priority areas: Waste-to-Wealth, Women's Empowerment, and Export-Oriented Manufacturing hence the upward and downward downstream.",5,"80% women-owned and 70% women-led. Their intercropping with Indigenous Leafy Vegetables  adds a food security layer to their textile business. This ""Zero-Waste"" system is exactly what is referred to as green practicess",,Tier 1,100,60,60,40,100,100,10,12,12,10,15,10,69,,0,69,5,
application_KJET-20251230114316-N3FK_with_attachments_2026-01-14_10-30-39,Applicant_KJET-20251230114316-N3FK,CB/29715,NYANDARUA,Dairy,,Yes,Yes,Met minimum requirements for evaluation,4,"Registred in 2023, documented leadership in place",4,5M Turnover,4,no digital spaces and exports,5,Detailed plan,5,Clear role in VC,4,No detailed staff breakdown,,Tier 1,80,80,80,100,100,80,8,16,16,25,15,8,88,,0,88,1,
application_KJET-20251227141309-KR0B_with_attachments_2026-01-14_10-31-12,Applicant_KJET-20251227141309-KR0B,CS/24247,NYANDARUA,Dairy,,Yes,Yes,Met minimum requirements for evaluation,5,"Established in 2018, leadership structure in place",4,solid revenue growth,3,No diversification,5,Detailed plan,4,Core VC node participation with downstream linkages,4,moderate youth inclusion,,Tier 1,100,80,60,100,80,80,10,16,12,25,12,8,83,,0,83,2,
application_261_bundle.zip,Applicant_261,CS/NO.9523,NYANDARUA,Dairy,,Cash Flow statements,722140028,A cooperative with verifiable registration,5,Registered for 24 years,5,Turnover ≥ KES 10M; positive 2-yr trend; statements + simple income/balance proof.,,,5,Strong market demand with diversified activities and institutional buyers,5,Ambitious but realistic business proposal with clear timelines,4,"Strong gender/youth + green practices, no PWD",,Tier 1,100,100,0,100,100,80,10,20,0,25,15,8,78,,0,78,3,
application_KJET-20251231203932-MMYS_with_attachments_2026-01-14_10-30-27,Applicant_KJET-20251231203932-MMYS,c.95733,NYANDARUA,OTHER,Poultry,yes,Yes,Met minimum requirements for evaluation,5,"Registred in 2019, documented leadership in place",4,Revenue declined between 2022-2023,4,"Regular local sales, no exports or digital spaces",5,Detailed plan,0,Not in priority VC,5,"High inclusivity, multiple green practices",,Tier 2,100,80,80,100,0,100,10,16,16,25,0,10,77,,0,77,4,
application_KJET-20251223172349-ELQ2_with_attachments_2026-01-14_10-31-17,Applicant_KJET-20251223172349-ELQ2,cs/14215,NYANDARUA,Dairy,,Yes,Yes,Met minimum requirements for evaluation,5,"Established in 2010, leadership structure in place",3,Turnover 2M,3,"Regular local sales, no exports or digital spaces",4,"Strong plan, few gaps in targets",5,Clear role in VC,4,Moderate youth inclusion,,Tier 1,100,60,60,80,100,80,10,12,12,20,15,8,77,,0,77,4,
application_KJET-20251223154615-GEZW_with_attachments_2026-01-14_10-31-19,Applicant_KJET-20251223154615-GEZW,CS 1043,NYANDARUA,Dairy,,Yes,Yes,Met minimum requirements for evaluation,5,"Established in 2012, leadership structure in place",1,"No turnover info provided, only assets valuation report",3,"Regular local sales, no exports or digital spaces",4,"Strong plan, few gaps in targets",5,Clear role in VC,5,"High inclusivity, multiple green practices",,Tier 1,100,20,60,80,100,100,10,4,12,20,15,10,71,,0,71,6,
application_466_bundle.zip,Applicant_466,ASS-2004845,NYERI,Dairy,,M-Pesa statement Feb-May 2023,725259553,Strong dairy processing cluster with clear value addition; growing youth-led operation with solid financials,4,Registered ASS-2004845; 35→42 members growth; structured governance with CEO/Manager/Treasurer,4,Turnover 1.4M→2.9M→3.1M; M-Pesa shows 388K inflows; 26% profit margins; stable growth,4,"Multi-channel sales (B2B 30%, B2C 70%); digital platform; expanding to bakeries/hotels",5,"Clear problem-solution; costed equipment plan (pasteurizer 650K, cooler 870K); KEBS certification target; expansion to northern Kenya",5,"Full dairy processing; milk procurement→pasteurization→yoghurt/mala production→packaging→distribution; 65% yoghurt, 35% mala turnover split",5,88% youth (37/42); 60% women; woman CEO; silage training for drought resilience,,Tier 1,80,80,80,100,100,100,8,16,16,25,15,10,90,,0,90,1,
application_439_bundle.zip,Applicant_439,PVT-6LUPXQM,NYERI,Dairy,,cash book,726898167,Meets All criteria,4,Registered >3 yrs; operational growth,4,Turnover 200M→360M; profit growth; Sage accounting,5,Multi-channel sales; strong customer base,4,Expansion to UHT & cheese; quantified plan,5,Priority VC (Dairy); integrated operations,5,Moderate gender balance; 2 sustainability practices,,Tier 2,80,80,100,80,100,100,8,16,20,20,15,10,89,,0,89,2,
application_KJET-20251230112627-6QOQ_with_attachments_2026-01-14_10-43-08,Applicant_KJET-20251230112627-6QOQ,cs/18570,NYERI,Dairy,,Yes,Yes,Met minimum requirements for evaluation,5,"Established in 2015, governance structure in place",5,"Revenue exceeds 10M, evidence provided",5,"Signed contracts, MOUs present, use digital spaces etc",3,"no specific revenue targets, volume targets, timelines, or costed budgets are provided in the application",5,Strong node participation including value addition,3,Low youth inclusivity,,Tier 1,100,100,100,60,100,60,10,20,20,15,15,6,86,,0,86,3,
application_KJET-20251231204451-7LZE_with_attachments_2026-01-14_10-43-19,Applicant_KJET-20251231204451-7LZE,BN/2011/137672,NYERI,Coffee,,Yes,Yes,Met minimum requirements for evaluation,5,"Established in 1991, basic governance structure in place",3,"Turnover of 3M IN 2024, EVIDENCE PROVIDED",4,regular sales including exports,3,"clear direction, generic targets and budgets",4,"clear node participation, few linkages",4,"High participation, 2 green practices noted",,,100,60,80,60,80,80,10,12,16,15,12,8,73,,0,73,#N/A,608
application_KJET-20251228144830-G1QL_with_attachments_2026-01-15_20-56-26,Applicant_KJET-20251228144830-G1QL,ASS-C448217,NYERI,Construction Materials,,No,Yes,Met requirements,4,"Registered in 2024, documented leadership",1,"Thin evidence, financials are from 2026",4,"No active buyer contracts/MOU, but digital spaces utilised",5,"Good understanding of market, targets etc",4,"Within priority VC, multiple linkages but participation within node could be improved",4,Doesnt meet 50%+ threshold for female membership,,Tier 1,80,20,80,100,80,80,8,4,16,25,12,8,73,,0,73,4,
application_KJET-20251230135320-D4BD_with_attachments_2026-01-14_10-43-10,Applicant_KJET-20251230135320-D4BD,CS/9448,NYERI,Coffee,,Yes,Yes,Met minimum requirements for evaluation,5,"Established in 2010, governance structure in place",2,Statements dont match information provided in the application,5,"Active contracts, quality assurance done, exports, strong market presence",3,"no specific revenue targets, production volume targets, timelines, or costed budgets",4,"Strong node presence, planned expansion will bring it to a complete node coverage",3,Low youth inclusivity,P1,,100,40,100,60,80,60,10,8,20,15,12,6,71,,5,66,#N/A,
application_KJET-20251231170659-DT6K_with_attachments_2026-01-14_10-48-31,Applicant_KJET-20251231170659-DT6K,DSD/25/134/02/101470,SAMBURU,Dairy,,YES,YES,"All requirements have been met within the PVC , valid registration certificate, provided contact details, and financial evidence",4,"Operational since 2021 (3–4 years),Steady growth in membership (15 → 25) and employees (2 → 3),Structured leadership team in place,Clear operational scope and documented activities",3,"Positive revenue growth .Profits improving (KES 70k → 200k),Small-scale operations, limited scalability without additional investment",3,"Local and institutional buyers (70% B2B to schools, 30% B2C),Market demand for milk and value-added products is steady,Main competitor: Samburu Dairy Cooperative (larger capacity, machines),Current operations rely on small-scale milk production",3,"Clear growth objectives: increasing milk production, value addition, market balance.Plans for scaling production with more equipment.Challenges: drought, high cost of cattle breeds, feed availability.Strong potential but dependent on capital investment and technical support",4,"Engaged in both primary production (milk) and value addition (ghee, yoghurt, cheese).Moderate integration in local dairy value chain.Adds economic value to raw milk and supports local supply-demand balance",4,"70% women members, leadership mainly women.Climate-smart practices (tree planting, feed planting, drought resilience).Small environmental footprint, community-oriented impact",,Tier 1,80,60,60,60,80,80,8,12,12,15,12,8,67,,0,67,1,
application_KJET-20251230190020-6SPV_with_attachments_2026-01-14_10-48-46,Applicant_KJET-20251230190020-6SPV,CS/16902,SAMBURU,Construction Materials,,YES,YES,"All requirements have been met within the PVC , valid registration certificate, provided contact details, and financial evidence",4,"Established in 2014 with steady membership growth (120 → 200). Strong governance structure including Chairperson, Secretary, Director, Manager, Treasurer. Demonstrates long-term operational stability.",2,"Revenue above KES 1M with steady growth. Uses QuickBooks accounting system. However, major inconsistency in 2024 profit figure reduces confidence in financial accuracy.",3,"Balanced B2B (60%) and B2C (40%) mix. Institutional buyers (learning institutions) and private investors provide diversified market base. However, marketing approach largely referral-based with limited structured competitive differentiation.",3,"Clear strategic vision (leading cooperative in Samburu, improving housing standards, mentorship programs). Strong employment growth (10 → 25 employees). However, limited detail on costed expansion strategy, technology upgrade roadmap, or financing plan.",3,"Strong integration across construction value chain (materials procurement, processing, supply, services). Large membership base strengthens bargaining power and supply capacity.",3,"30% women representation at board level. Female membership (60 of 200 in 2024). Employment creation growing significantly. Environmental conservation practices (discouraging immature timber harvesting, rehabilitation of extraction sites). Table banking and soft loans promote financial inclusion.",,Tier 1,80,40,60,60,60,60,8,8,12,15,9,6,58,,0,58,2,
application_KJET-20251223140249-HACC_with_attachments_2026-01-14_10-48-56,Applicant_KJET-20251223140249-HACC,EOS35V3W,SAMBURU,OTHER,"honey value chain,",yes,YES,"All requirements have been met , valid registration certificate, provided contact details, and financial evidence",3,"Registered in 2024 (<1 year). Basic operational structure in place. Limited governance structure (no chairperson, secretary, treasurer listed). Early-stage enterprise.",2,"Turnover in 2024 is KES 50,000 (<1M). Financial records exist (MPESA & bank statements), but scale is very small. No accounting system in place. Limited financial track record (only operational in 2024).",3,"Regular B2C and B2B sales (70% B2C, 30% B2B). Discussions and MOUs with hotels and retail shops mentioned. Multi-channel approach including digital platforms. However, no formal offtake contracts or documented purchase orders provided.",3,"Clear objectives (job creation, hive expansion, automation). Quarterly review mechanism defined. Cost drivers identified. Planned investments outlined (modern hives, automated processing, branding). Risk areas acknowledged (capital, market access). Minor gaps in quantified budgeting details.",3,"enterprise actively participates across multiple honey value chain nodes (production, aggregation, processing, packaging, training). Linkages exist but not formally documented.",3,"Women-owned enterprise (>51% female ownership). Youth and women engagement in operations. 5 employees and 6 members in 2024. Clear green practices: tree planting, climate-smart beekeeping, beeswax repurposing. Strong sustainability narrative, though quantitative impact metrics not provided.",,Tier 2,60,40,60,60,60,60,6,8,12,15,9,6,56,,0,56,3,
application_KJET-20251230143758-PRNO_with_attachments_2026-01-14_10-48-50,Applicant_KJET-20251230143758-PRNO,sbu/c/sh/0034860,SAMBURU,OTHER,Honey Processing,NO,YES,Unable to verify financial statement,3,"Registered in 2023 (<1 year–2 years). Functional leadership structure (Chairperson, Secretary, Treasurer). Strong membership growth (15 → 37 members). Operational continuity demonstrated but still early-stage.",0,Unable to verify financial statement,3,Strong B2B orientation (80%) supplying hotels and supermarkets. Active use of digital/social media channels. Value-added refined honey products. Competitive positioning based on organic/original honey and limited handling,3,"Clear direction toward online marketing, capacity building, and expansion. Identified need for leadership and financial training. However, growth plan lacks detailed costed budget, risk mitigation, and measurable SMART targets.",3,"Non-priority value chain (OTHER). However, strong participation across multiple nodes: hive manufacturing, honey production, processing, value addition, and conservation. Demonstrates vertical integration within honey chain.",3,"Youth-dominated association (majority 18–35 years). Female participation significant (17 of 37 members ≈ 46%). Environmental conservation activities: tree planting, water catchment, climate-smart farming practices. Structured sustainability orientation though without quantified impact metrics.",P1,,60,0,60,60,60,60,6,0,12,15,9,6,48,,5,43,#N/A,628
application_677_bundle (1).zip,Applicant_677,Dsd/25/134/01/5279,SAMBURU,Dairy,,Financial statement (unclear format),729092890,IN SCOPE WITH REGISTRATION CERTIFICATE BUT WEAK FINANCIAL EVIDENCE,4,Registered 6 Mar 2024 (1.5 years); Self Help Group certificate verified; registered by Director of Social Development under Community Groups Registration Act No. 30 of 2022; governance minimal (only Chairperson: Asunta loldomet named),2,"Turnover: 2022: 300K, 2023: 700K, 2024: 1.3M - growth trajectory but all <1M threshold except 2024; financial statement provided but unclear/poor quality (blurry image); uses QuickBooks (claimed) but evidence not strong",2,Limited market - primarily B2C (90%) to individuals; only 10% B2B (hotels); no e-commerce; limited geographic reach (Samburu North to Samburu West/Maralal only); competes with direct farmers who sell cheaper; niche product (camel milk) with limited availability from north/east Samburu,2,"Vague objectives: ""double production yearly"", ""start powder packing"", ""online marketing"" - no SMART targets, timelines, or metrics; no clear execution plan; equipment needs identified (coolant plant, truck, packaging) but no investment budget or timeline; MOU with transport sacco mentioned but limited detai",3,"Dairy VC (Priority) but EXCLUDING FARMING per criteria; collects camel milk from farmers, pasteurizes/preserves it, transports to Maralal for sale - primarily aggregation/distribution role with minimal processing (pasteurization only); limited value addition; weak linkages",5,80% women (40 of 50); 60% youth (30 of 50); Chairperson is woman (Asunta loldomet); constitution mandates 70% women and women leadership; loans from Women Enterprise Fund mentioned; limited environmental practices beyond pasteurization for durability,,Tier 1,80,40,40,40,60,100,8,8,8,10,9,10,53,,0,53,4,
application_KJET-20251231113448-0F32_with_attachments_2026-01-14_10-48-35,Applicant_KJET-20251231113448-0F32,SHG142869,SAMBURU,OTHER,livestock trading,NO,YES,Minimal financial evidence as statement is for only 1 Month,2,Established in 2023 (early-stage). Stable membership (24 members) but no growth yet. Functional leadership structure in place.,0,Minimal financial evidence as statement is for only 1 Month,3,"Strong export exposure (50%), B2B linkages (45%) with livestock buyers and meat exporters. Clear product niche (male goats and sheep aged 6–12 months). However, limited direct marketing strategy and heavy exposure to climate risks.",3,"Clear growth ambition (bi-weekly trading instead of monthly, direct export plans). Identified capital needs to reduce fattening risk. However:Limited structured expansion roadmap,Heavy drought vulnerability,Limited market diversification strategy",3,"Participates in livestock aggregation, fattening, and supply to exporters and butcheries. Strong local sourcing and community integration. However, limited processing or value addition beyond trading.",3,"70% women-owned,16 of 24 members are women,Strong community livelihood impact.Active soil and pasture conservation (semi-circular bunds to prevent erosion and enhance grass growth) Climate adaptation awareness",P1,,40,0,60,60,60,60,4,0,12,15,9,6,46,,5,41,#N/A,
application_KJET-20251229011728-SRFO_with_attachments_2026-01-14_10-52-36,Applicant_KJET-20251229011728-SRFO,PVT-BUEX8PX9,SIAYA,Blue Economy,,Yes,Yes,All requirements met,4,"Private company registered 2021 (4 years). Strong growth: 28→44→56 employees (100% increase). Clear governance (CEO, Director, Manager, Treasurer)",3,Turnover of 1M - 5M,5,"Blue Economy: fish feed production (alternative proteins: BSF larvae, azolla, plant proteins) + fingerlings. 40% B2B, 60% B2C. Competes with Unga, Sigma, Ala Aqua. 50% lower cost, 30% yield improvement. E-commerce enabled",5,"Detailed plan: off-grid solar (10% cost reduction, 804K kg CO2 savings), feather meal protein (80% crude protein), fish processing (fillets, flour, silage), expand to 97% of 1,600 Lake Victoria beaches.",5,Blue Economy (PRIORITY). Full value chain: raw material sourcing → feed formulation/production → fingerling hatchery → farmer support (14 hubs) → cage farming → planned fish processing. Circular economy model,5,"51% women-owned (CEO), 61% female employees (34/56). Floating feed (prevents eutrophication), solar energy, manual boats (no fuel pollution), cage farming (reduces overfishing), circular economy",,Tier 2,80,60,100,100,100,100,8,12,20,25,15,10,90,,0,90,1,
application_KJET-20251230220802-VFMH_with_attachments_2026-01-14_10-52-22,Applicant_KJET-20251230220802-VFMH,BON/S.H./4511,SIAYA,Textiles,,Yes,Yes,All requirements met,4,CBO registered in 2006. Full governance (6 officers).,3,Turnover is between 1M and 5M,5,"Textiles: hand-woven products (70% turnover), yarns/fabrics (20%), training (10%). 70% B2C (tourists), 20% export (fashion houses), 10% B2B (corporate). E-commerce enabled. Farm-to-shop value chain",5,"Detailed plan: solar-powered looms/spinning, upgraded dyeing/finishing equipment, digital inventory/marketing systems. Target: urban markets, institutional buyers, ethical fashion brands, export expansion. Trade fairs, MOUs in progress",5,"Textiles (PRIORITY value chain). Full value chain: raw material sourcing (cotton, wool, silk, plant fibers) → hand-spinning → natural dyeing → hand-weaving → finishing → retail/export. Farm-to-shop integration",5,"51%+ women-owned, women CEO/Director/Manager. Organic cotton, natural dyes, hand-powered weaving, solar transition, climate-smart farming, local sourcing, waste minimization",,Tier 1,80,60,100,100,100,100,8,12,20,25,15,10,90,,0,90,1,
application_KJET-20251226152806-DTSV_with_attachments_2026-01-14_10-52-52,Applicant_KJET-20251226152806-DTSV,CS/16637,SIAYA,Blue Economy,,Yes,Yes,All requirements met,4,"Registered 2014 (11 years). Cooperative with clear governance (Chairperson, Secretary, Manager, Treasurer)",2,Turnover is less than 1M,4,"Blue Economy: fishing, processing (Nile perch, tilapia, omena). Sun-drying, smoking, frying, vacuum-sealed fillets, fish powder/oil. 45% B2B (hotels, restaurants), 53% B2C, 2% export. Zoho Books accounting",4,"Detailed plan: expand to 4 counties, 15%→50% processed products, 5 institutional contracts, 2 retail outlets, 60% revenue growth in 3 years. Digital marketing (social media, e-commerce), radio outreach",5,"Blue Economy (PRIORITY value chain). Full value chain: fishing (cages/wild catch) → processing (drying, smoking, frying, filleting) → packaging → distribution (local, regional, export markets)",5,"60% female members (210/350), 40% women board (4/10). Circular economy: net recycling, solar lamps, cage aquaculture, rainwater harvesting, reforestation, wastewater reuse",,Tier 1,80,40,80,80,100,100,8,8,16,20,15,10,77,,0,77,3,
application_KJET-20251218141013-STB3_with_attachments_2026-01-14_10-52-59,Applicant_KJET-20251218141013-STB3,BN/2014/318301,SIAYA,Construction Materials,,Yes,Yes,All requirements met,4,"Partnership registered in 2019. Clear governance: CEO, Director, Manager, Treasurer.",2,Turnover is less than 1M,4,"Gypsum decorative products (cornices 45%, medallions 35%, wainscoting 20%). 55% B2B (developers, designers, contractors), 45% B2C. Clear market positioning",4,"Detailed growth plan: automated mixing/casting equipment, expanded mould sets, improved drying facilities, design/accounting software. Production targets: 4,000 cornices, 150 medallions, 2,000 wainscoting monthly",5,"Construction (priority value chain). Gypsum production, finishing, installation. Full value chain: procurement → casting → finishing → installation for residential/commercial projects",3,"Manager is a female. Gypsum waste recycling, eco-friendly finishes, energy-efficient drying, dust control, soil neutralization with waste",,Tier 2,80,40,80,80,100,60,8,8,16,20,15,6,73,,0,73,4,
application_KJET-20251231163501-F6PH_with_attachments_2026-01-14_10-52-15,Applicant_KJET-20251231163501-F6PH,CS/16775,SIAYA,OTHER,Fruit processing,No,Yes,Very minimal financial evidence attached,5,Registered in 2014. with a full functional governance structure(6 officers).,1,Very thin financial evidence,3,"Fruit processing: juices, pulp, concentrates, smoothies, blended products. Competes with Ramba, Siaya Fruit Processing, Del Monte. Stated margins 35-45% (juices 40%, pulp 40%, smoothies 44%)",4,"Detailed plan: expand processing/storage, upgrade machinery, automated systems, digital marketing/e-commerce. Targets: 30% output increase, 3 new counties (Kisumu, Homa Bay, Migori), 35% margins. MOUs in progress",4,"Fruit processing (OTHER - not priority VC). Full value chain: nurseries → farming → harvesting → aggregation → processing (washing, sorting, peeling, juicing, blending, pasteurizing) → packaging → distribution",4,"Women CEO/Manager/Treasurer, 20%+ women ownership. Composting waste, water conservation, energy efficiency, solar power, drought-resistant varieties, eco-packaging",,,100,20,60,80,80,80,10,4,12,20,12,8,66,,0,66,#N/A,
application_616_bundle.zip,Applicant_616,CS/30184,SIAYA,Edible Oils,,Bank Statements,769950508,Necessary documentation attached,4,Registered ≥1yr basic structure,2,Turnover <1M; sporadic results,3,regular local sales; one channel; emerging quality practices,4,strong plan with minor gaps; no costed budget or risk mitigation,5,priority VC; fills critical node; documented linkages upstream & downstream,3,moderate inclusion; some intent on sustainability,,Tier 1,80,40,60,80,100,60,8,8,12,20,15,6,69,,0,69,5,
application_KJET-20251230163501-PF2N_with_attachments_2026-01-14_11-01-49,Applicant_KJET-20251230163501-PF2N,CS/32032,TAITA TAVETA,Dairy,,yes,yes,All requirements met,3,"registered in 2025, active leadership",5,has a turnover of more than 10M,3,has 2 chhannels,3,clear plan no budget,5,clear processes,4,high partcipation of both women and youth and inclusion of green practices,,Tier 1,60,100,60,60,100,80,6,20,12,15,15,8,76,,0,76,1,
application_KJET-20251231134721-RZME_with_attachments_2026-01-14_11-01-32,Applicant_KJET-20251231134721-RZME,CS/26240,TAITA TAVETA,Textiles,,yes,yes,All requirements met,5,"registered in 2021, active leadership",3,has a turnover of 1-5M,2,has 1 market channel,3,clear plans but no budget,4,weak market linkages,3,"moderate iclusion, 2 green practices",,Tier 1,100,60,40,60,80,60,10,12,8,15,12,6,63,,0,63,2,
application_KJET-20251231133551-ACWD_with_attachments_2026-01-14_11-01-43,Applicant_KJET-20251231133551-ACWD,R.51669,TAITA TAVETA,Minerals,,yes,yes,All requirements met,5,"registered in 2019, active leadership",5,has a turnover of more than 10M,2,has 1 market channel,1,has no clear plans,5,clear processes,3,moderate inclusion and 2 green practices.,P1,Tier 1,100,100,40,20,100,60,10,20,8,5,15,6,64,,5,59,3,
application_KJET-20251227142029-JTI6_with_attachments_2026-01-14_11-01-56,Applicant_KJET-20251227142029-JTI6,3341696,TAITA TAVETA,Blue Economy,,yes,yes,All requirements met,5,"registered in 2014, active leadership",1,thin evidence,3,has 2 chhannels,3,clear plan no budget,4,has market linkages,2,"low inclusion, 1 green practice",,Tier 1,100,20,60,60,80,40,10,4,12,15,12,4,57,,0,57,4,
application_KJET-20251208144805-DUCU_with_attachments_2026-01-14_11-02-10,Applicant_KJET-20251208144805-DUCU,PVT-Q7UAGRA,TAITA TAVETA,Edible Oils,,yes,yes,All requirements met,2,"registered in 2019, only the CEO is available",3,has a turnover of 1-5M,2,has 1 market channel,3,has a clear plan but no budget,3,weak market linkages,4,has high participation and 2 green practices,,Tier 2,40,60,40,60,60,80,4,12,8,15,9,8,56,,0,56,5,
application_KJET-20251230150940-OHIO_with_attachments_2026-01-14_11-01-51,Applicant_KJET-20251230150940-OHIO,DSD/6/23/01/16003,TAITA TAVETA,Edible Oils,,yes,yes,All requirements met,4,"registered in 2024, active leadership",1,thin evidence,2,has 1 market channel,3,clear plan no budget,3,weak market linkages,4,high partcipation of both women and youth and 1 green practice,,,80,20,40,60,60,80,8,4,8,15,9,8,52,,0,52,7,
application_431_bundle.zip,Applicant_431,CS/16551,TANA RIVER,Dairy,,No evidence,719456304,Did not provide any financial evidence,4,"Registered and functional for more than a year, with structured leadership and growing membership.",0,No financial record provided,3,Stable but highly localized market; limited scale and no formal competitive strategy.,2,Has identified challenges but lacks a coherent or costed business plan.,5,Fully aligned with the Dairy VC and performs core aggregation and distribution functions.,3,High women participation but minimal sustainability measures.,,Tier 1,80,0,60,40,100,60,8,0,12,10,15,6,51,,0,51,1,
application_KJET-20251230083059-9RBK_with_attachments_2026-01-14_11-08-09,Applicant_KJET-20251230083059-9RBK,TDO/GAR/SH/2219,TANA RIVER,Leather,,YES,YES,All requirements met within the PVC as  both financial documentds  and consent are provided,3,operational history (>3 years) with stable governance structure in place,1,Very low turnover . Financial sustainability weak and no accounting system,2,Local market demand evidenced; limited market reach and no formal buyer agreements,3,"Strong business strategy(Clear objectives, KPIs, and monitoring) with clear targets and value addition pathway. Budget and financing details missing.",3,Cluster plays multiple roles in the hides and skins value chain including upstream aggregation and midstream processing,3,"High women ownership and documented green practices across processing and sourcing(solar drying, composting, water efficiency)",,Tier 1,60,20,40,60,60,60,6,4,8,15,9,6,48,,0,48,2,
application_KJET-20251202205904-EG6X_with_attachments_2026-01-14_11-08-14,Applicant_KJET-20251202205904-EG6X,CS/27895,TANA RIVER,Dairy,,NO,YES,Unable to verify financial statement as the bank statement is only for 5 months,3,Registered cooperative operational for 2 years with documented leadership structure and growing membership base,0,Bank statement provided is only for 5 months hence we cannot use it to determine the financial position,3,Regular local market sales with identifiable competitors. No documented buyer contracts or structured channels beyond local markets.,3,"Strong growth plan with value addition, market expansion, and equipment investments. Targets generally clear though budget details limited",3,"Critical node in dairy value chain (aggregation, processing, fodder). Documented upstream member suppliers and downstream markets",3,"High women participation and multiple green practices including climate-smart fodder, zero grazing, composting, and water efficiency",P1,Tier 1,60,0,60,60,60,60,6,0,12,15,9,6,48,,5,43,3,
application_KJET-20251230173233-YCJD_with_attachments_2026-01-14_11-08-05,Applicant_KJET-20251230173233-YCJD,TRD/KIP/CBO/5071,TANA RIVER,Blue Economy,,NO,YES,Bank statement provided is only for 1 month hence does not meet the minimum requirement,2,Registered since 2023 (≥2years).Structured leadership roles documented.,0,Bank statement provided is only for 1 month hence  can not help us determine the financial decision,3,"Evidence of active market linkages and buyers with ongoing MOUs; however, digital and formal B2B sales tracking is limited.",3,"Detailed and costed growth plan(cold storage, transport, digital tracking). with clear targets, monitoring mechanisms, and mitigation strategies.",3,Fills a critical aggregation and cold-chain node in the Blue Economy PVC with documented upstream and downstream linkages.,3,≥50% women participation and documented green practices including mangrove restoration and sustainable fishing promotion.,P1,Tier 1,40,0,60,60,60,60,4,0,12,15,9,6,46,,5,41,4,
application_KJET-20251231114901-GKYF_with_attachments_2026-01-14_11-08-03,Applicant_KJET-20251231114901-GKYF,DSD/4/18/01/117317,TANA RIVER,Blue Economy,,NO,YES,Bank Stament is password protected hence we can not verify,2,Registered recently(Established in 2025) with minimal operational history. Governance structure exists but no meeting cadence or historical performance data provided.,0,Bank Stament is password protected hence we can not verify,2,"Regular local sales and multiple channels described, but no documentary evidence of offtake agreements or purchase orders.",3,"Strong and detailed growth plan with targets, review mechanisms, and planned investments. Minor gaps in costing and financing sources.",3,Cluster fills multiple critical nodes in the fisheries value chain with documented upstream and downstream linkages.,2,High women participation and multiple green practices. Limited quantitative member data provided.,P2,Tier 1,40,0,40,60,60,40,4,0,8,15,9,4,40,,3,37,5,
application_KJET-20251205165240-PN8W_with_attachments_2026-01-14_11-08-11,Applicant_KJET-20251205165240-PN8W,CS/29998,TANA RIVER,OTHER,beekeeping,YES,YES,All requirements met,2,Recently registered cooperative (<1 year) with basic governance structure with minimal membership,2,Turnover KES 70000 for 2024 only; no historical financial data for prior years.,1,Market information inconsistent. No documented buyer contracts or structured sales channels; market demand evidence weak,2,Clear production and processing targets. Market expansion plan is generic with limited budget or risk mitigation detail,2,"Active role in apiculture value chain(hive management, honey processing, beeswax, propolis)",2,High women participation and adoption of sustainable beekeeping practices. Green practices documented though largely descriptive,,Tier 1,40,40,20,40,40,40,4,8,4,10,6,4,36,,0,36,6,
application_186_bundle.zip,Applicant_186,PVT-JZUGQALK,THARAKA NITHI,Dairy,,Bank statements,723265428,All requirements met and satisfied,4,"Properly registered with functioning leadership, but short track record (about 2–3 years).",4,"Meets >10M turnover benchmark, positive growth, but profitability margins still weak and inconsistent.",4,"Diverse customer base and product mix; strong farmer integration. However, reliance on larger processors and lack of long-term contracts make competitiveness somewhat fragile.",4,"Proposal shows clear direction with growth markets identified, but targets lack precise timelines and quantified SMART indicators (e.g., exact % growth or capacity goals).",5,Strong role across multiple points in the dairy VC with both upstream farmer support and downstream consumer linkages.,4,"Strong inclusivity in ownership/leadership and youth participation, plus sustainability practices. Female staff ratio still relatively low compared to best rubric.",,Tier 1,80,80,80,80,100,80,8,16,16,20,15,8,83,,0,83,1,
application_KJET-20251231083146-YC1H_with_attachments_2026-01-14_11-10-36,Applicant_KJET-20251231083146-YC1H,BN-9PC232Q8,THARAKA NITHI,OTHER,pork processing,YES,YES,"All requirements have been met, valid registration certificate, provided contact details, and financial evidence",3,"Registered 1–3 years with documented leadership structure and clear management roles. Though young, demonstrates structured governance and operational clarity.",4,Turnover between KES 5M–<10M in 2024 with strong growth trajectory. Verified bank statements support declared revenue. Absence of structured accounting system prevents top-tier score.,3,"Active multi-channel sales with high-end B2B clients and structured B2C distribution. Demonstrates strong market traction, differentiated premium positioning, and growing regional footprint.",3,"Detailed, quantified growth plan with cost drivers, employment projections, production targets, and operational upgrades. Strong strategic clarity and implementation roadmap.",3,"Strong integration within pork value chain (procurement, processing, distribution)",3,Clear women ownership and inclusive sourcing model supporting women and youth farmers. Multiple green practices implemented and solar transition planned.,,Tier 2,60,80,60,60,60,60,6,16,12,15,9,6,64,,0,64,3,
application_KJET-20251219191843-KHUN_with_attachments_2026-01-14_11-10-45,Applicant_KJET-20251219191843-KHUN,PVT-Q7U7EMRY,THARAKA NITHI,Coffee,,YES,YES,"All requirements have been met within the PVC , valid registration certificate, provided contact details, and financial evidence",4,Registered ≥3 years with functioning governance and operational infrastructure (wet mill and storage). Demonstrates established track record in coffee marketing through NCE.,2,Verified bank statements show revenue growth trajectory for over three years. Profit margins improving but modest relative to turnover; no formal accounting package in use.,4,Active export market participation with multiple established buyers and structured marketing through NCE. Demonstrates strong and consistent demand channels.,4,Strong growth strategy with measurable income target and defined operational upgrades. Plan lacks detailed costed budget but shows structured expansion roadmap.,4,Fills a critical aggregation and primary processing node in the coffee value chain with documented upstream and downstream linkages.,3,Moderate inclusion of women in leadership; limited youth participation. Multiple green practices implemented including solar energy and water conservation.,,Tier 2,80,40,80,80,80,60,8,8,16,20,12,6,70,,0,70,2,
application_KJET-20251211155508-13SF_with_attachments_2026-01-14_11-10-50,Applicant_KJET-20251211155508-13SF,ASS-4876A40,THARAKA NITHI,Edible Oils,,YES,YES,"All requirements have been met within the PVC , valid registration certificate, provided contact details, and financial evidence",4,"Registered for 3+ years since 2021 with documented leadership structure(Chair, Secretary, Treasurer, Manager).. Functional governance evident though meeting cadence not documented.",2,"Verified financial statements show steady revenue growth over three years with improved profitability. However, turnover remains below KES 1M, and accounting systems are informal",3,"Evidence of consistent B2B and B2C sales with digital channels in use. However, limited buyer diversification and no formal contracts submitted.",3,"Clear growth direction(Become leading edible oil producer) and expansion strategy; however, targets are generic and lack detailed costed implementation plan.Budget not clearly costed; targets not SMART.",4,Strong role in aggregation and processing with documented upstream farmer linkages and downstream buyer linkages.,4,Strong female and youth participation with multiple green initiatives including waste valorization and tree nursery establishment.,,Tier 1,80,40,60,60,80,80,8,8,12,15,12,8,63,,0,63,4,
application_KJET-20251217163845-WR6V_with_attachments_2026-01-14_11-10-48,Applicant_KJET-20251217163845-WR6V,ASS RA-G5S6D7,THARAKA NITHI,Dairy,,YES,YES,"All requirements have been met within the PVC , valid registration certificate, provided contact details, and financial evidence",4,"Registered for over 3 years with structured leadership and strong membership growth trend, though governance meeting documentation not provided.",2,"Verified bank statements show steady revenue and profit growth over three years; however, turnover remains below KES 1M. Use of QuickBooks strengthens financial management controls.",2,Sales are consistent locally but limited to single-channel B2C with no digital presence or documented contracts. Market reach remains narrow.,3,"Clear strategic direction and strong problem analysis; however, growth plan lacks quantified targets and detailed costed implementation roadmap.",3,Clear role in feed processing and dairy aggregation/value addition with documented upstream supplier network.,4,"Exceptional women participation and extensive sustainability initiatives covering energy, waste management, climate-smart agriculture, and circular economy practices.",,,80,40,40,60,60,80,8,8,8,15,9,8,56,,0,56,#N/A,
application_KJET-20251223232030-XXNI_with_attachments_2026-01-14_11-10-41,Applicant_KJET-20251223232030-XXNI,ASS.7DB2E50,THARAKA NITHI,Textiles,,NO,YES,Minimal financial evidence as the statement is only for 3 months,4,"Registered 3+ years with documented leadership(Chairperson, Secretary, Treasurer, Director)positions and growing membership base. Demonstrates functioning governance and operational continuity.",0,Minimal financial evidence as the statement is only for 3 months,3,"Evidence of diversified market channels including exports and high-end boutiques. Consistent sales growth and digital expansion strategy. However, no documented buyer contracts or MOUs attached.",3,"Clear growth direction (digital expansion and production upgrade). However, targets and budgets are generic with limited costing detail and risk mitigation framework.",4,Active participation in priority value chain with clear value addition role (processing/finishing). Some linkages exist but limited documentation of structured upstream/downstream agreements.,4,"≥50% women ownership (clear majority). Active green practices including recycling, tree planting, and energy-saving initiatives. Strong inclusion profile.",P1,,80,0,60,60,80,80,8,0,12,15,12,8,55,,5,50,#N/A,
application_KJET-20251231150817-VVQP_with_attachments_2026-01-14_11-12-48,Applicant_KJET-20251231150817-VVQP,DSD/26/139/02/53615,TRANS NZOIA,Textiles,,Yes,Yes,All requirements met,5,Registered in 2022 with a functioning governance,4,"Turnover 5-<10M, cash flow statements provided",4,3 Channels with consitent growth,3,Clear direction with generic targets,5,Involved in the processing stages to achieve the end product,5,Clear green practices and inclusion,,Tier 1,100,80,80,60,100,100,10,16,16,15,15,10,82,,0,82,1,
application_KJET-20251228194041-LBVE_with_attachments_2026-01-14_11-13-01,Applicant_KJET-20251228194041-LBVE,PVT-V7UY73JQ,TRANS NZOIA,Dairy,,Yes,Yes,All requirements met,5,Private company established in 2022 with steady growth in employment from 3 employees (2022) to 7 employees (2024),4,High turnover and Mpesa statement provided,3,"Local market demand demonstrated through diversified B2B 40% and B2C 60% customer base including schools, hotels, hospitals and retail consumers",3,No budget but clear growth plan and mearurable targets,5,"Integration across the dairy value chain including milk sourcing, cooling, processing, packaging and distribution",4,"Environmental sustainability practices including solar-powered milk cooling, energy efficiency and planned electric transport. Moderate gender inclusion but not women-owned.",,Tier 2,100,80,60,60,100,80,10,16,12,15,15,8,76,,0,76,2,
application_KJET-20251224173813-ALVB_with_attachments_2026-01-14_11-13-09,Applicant_KJET-20251224173813-ALVB,CS/24415,TRANS NZOIA,OTHER,Poultry VC,Yes,Yes,All requirements met,5,Registered in 2019 with consistent growth of membership from 1308 in 2022 to 2057 in 2024,4,"Demonstrate a revenue growth from 2022-2024, statements provided",3,Strong local demand with diversified market channels (70% B2C and 30% B2B),3,"Plans to invest in expanding and modernizing infrastructure, aquiring automated feeding and watering systems. 

Invest in improved breeds, better feeding formular, didgital tools for production and storage systems.",4,"Priority VC, value addition",5,Women-owned enterprise with majority female membership. Strong youth participation and environmental practices including composting poultry waste and water efficiency.,,Tier 1,100,80,60,60,80,100,10,16,12,15,12,10,75,,0,75,3,
application_KJET-20251224183933-FKAS_with_attachments_2026-01-14_11-13-06,Applicant_KJET-20251224183933-FKAS,RA-W8TA82,TRANS NZOIA,Textiles,,Yes,Yes,All requirements met,3,Registered in 2024 with a documented leadership,4,"High profitability and consistent positive financial performance, statements provided",3,Established markets through retailers and direct consumers with diversified textile products.,3,"Invest in digital tools for accounting, inventory management, and online marketing.",5,"Participation across multiple stages of the textile value chain including sourcing, production, finishing and marketing of textile products.",5,"Women-owned enterprise with majority female membership and strong youth representation. Environmental practices include waste recycling, water conservation and use of local materials.",,Tier 1,60,80,60,60,100,100,6,16,12,15,15,10,74,,0,74,4,
application_KJET-20251230113229-YYYA_with_attachments_2026-01-14_11-12-54,Applicant_KJET-20251230113229-YYYA,CPR/2010/17922,TRANS NZOIA,Edible Oils,,Yes,Yes,All requirements met,5,Registered in 2010 with a fucntioning governance,3,"Turnover <1M, bank statements provided",3,2 channels with no digital channels,3,Clear plans but no budget,5,"Priority VC, involved the processing and has documented linkages",3,Moderate inlusion with clear green steps,,Tier 2,100,60,60,60,100,60,10,12,12,15,15,6,70,,0,70,5,
application_KJET-20251231163742-RX7F_with_attachments_2026-01-14_11-12-46,Applicant_KJET-20251231163742-RX7F,CS/6918,TRANS NZOIA,Tea,,Yes,Yes,All requirements met,5,"Registered in 1993, with a functioning governance",5,"Turnover more that 10M, balance proof provided",2,Sales but no channels,3,Clear direction with generic targets,3,Weak linkages,4,High participation with 1 green practice,,,100,100,40,60,60,80,10,20,8,15,9,8,70,,0,70,#N/A,
application_KJET-20251229162423-ER5L_with_attachments_2026-01-14_11-29-59,Applicant_KJET-20251229162423-ER5L,CS/25990,TURKANA,Leather,,Yes,Yes,All requirements have been met within the PVC,4,"Cooperative established in 2021, functional leadership (Chairperson, Secretary, CEO, Manager, Treasurer), active membership (44 → 74). Track record developing but governance in place.",4,"Verified revenues and profits show growth: Revenue KES 1.3M → 2.2M, Profit KES 1M → 1.9M. Bank statements confirm financial viability; accounting done via Zoho Books.",4,"B2B 27%, B2C 45%, exports 28%. Active local and regional sales; MOUs planned for cross-border trade. Competition present but differentiated via high-quality hides, eco-friendly tanning, and FAO-supported training.",4,"Clear objectives: value addition, market linkages, financial inclusion, loans, and job creation. Measurable targets: membership 150–200, export 25%, income growth 20%. Operational plan partially costed; scaling strategy defined.",4,"Leather VC priority; engages in aggregation, tanning, value addition. Backward linkages with livestock slaughter; forward linkages to national and regional markets, including exports. Strong integration in VC.",3,"Not women-owned. Sustainable practices: improved flaying, curing, effluent treatment, circular economy in tanneries, feeder roads, proper handling training. Moderate environmental impact; some green initiatives implemented.",,Tier 1,80,80,80,80,80,60,8,16,16,20,12,6,78,,0,78,1,
application_KJET-20251230065913-TG09_with_attachments_2026-01-14_11-29-57,Applicant_KJET-20251230065913-TG09,TRK C/CBO/HC 5618,TURKANA,Blue Economy,,YES,YES,All requirements have been met within the PVC,5,"Established 2015, active governance, and growing membership (15 → 30). Track record shows resilience and management of MSMEs in fisheries.",2,financial evidence provided is minimal,4,"Shows diverse sales channels: 70% B2C, 20% B2B, 5% exports; partnerships with Gathani Export and carbon credit buyers; national and regional competitors are present, but the unique selling proposition of a community-owned, climate-smart initiative sets it apart",4,"Objectives include reducing post-harvest losses, job creation, value addition, carbon credit generation, and MSME training. Clear KPIs and quarterly reviews, with co-investment strategy.",5,Fully integrated in the Blue Economy VC: capture → processing → circular economy → BDS & carbon services. Backward and forward linkages defined.,4,"Women-owned (ownership verification needed), youth inclusive. Sustainability practices include solar cold chain, circular economy (fishmeal/oil), climate-smart fishing, VCS certification, and eco-friendly gear. Strong alignment with KJET sustainability goals.",,Tier 1,100,40,80,80,100,80,10,8,16,20,15,8,77,,0,77,2,
application_KJET-20251224224930-W9ZP_with_attachments_2026-01-14_11-30-31,Applicant_KJET-20251224224930-W9ZP,6735,TURKANA,Blue Economy,,Yes,Yes,Minimum requirements met for evaluation,5,"Established 2017 with clear leadership structure (Chairperson, Secretary, Treasurer). Membership growth from 65 → 78 indicates stability. Women-led governance ensures inclusivity and community empowerment.",2,Turnover is less than 1M,4,"Majority sales B2C (90%), small B2B (10%). Customers are from multiple counties: Trans-Nzoia, Bungoma, Kakamega, and Busia. Value addition – frying – and distribution through members is what differentiates from aggregators. The demand for fried fish is high. There is also potential for scalability with cold chain support.",4,Plans for cold storage and refrigerated truck to reduce post-harvest losses and improve supply chain efficiency are realistic. Infrastructure investment aligns with market growth and profitability.,4,"Engaged in key stages: sourcing fish, value addition (frying), distribution to consumers and hotels. Critical intermediary in the freshwater fish value chain, linking producers to end consumers.",4,"100% women-led. Sustainable practices include compliance with Fisheries Management & Development Act, and using invasive Joliflora as firewood. Practices help reduce environmental impact and promote resource efficiency.",,Tier 1,100,40,80,80,80,80,10,8,16,20,12,8,74,,0,74,3,
application_219_bundle.zip,Applicant_219,DSD/23/123/02/37810,TURKANA,Construction Materials,,Mpesa statement,728986068,Mpesa statement is locked and cant be verified,4,"Legally registered, with functional leadership and consistent growth; governance practices are visible but small scale.",0,Submitted locked Mpesa statement,4,"Shows consistent market engagement, local institutional clients, and competitive positioning with a sustainability edge.",4,"Strong and forward-looking plan, though reliant on external support and donor funding.",5,Fully integrated in the Construction VC with clear value-addition and training linkages.,5,"Strong inclusion and sustainability focus — gender, youth, and environmental balance achieved.",,Tier 1,80,0,80,80,100,100,8,0,16,20,15,10,69,,0,69,4,
application_620_bundle.zip,Applicant_620,CS/29499,TURKANA,OTHER,"HORTICULTURAL CROPS,CEREALS, POULTRY",Bank Statements,719436751,"Not a priority VC, horticultural produce",5,"Strong governance, steady growth, active for 3+ years.",3,Low turnover yet consistent annual growth. Thin evidence but plausible self-reporting.,4,"Demonstrated local and regional demand, active daily market operations, and cooperative structure that provides scale.",4,Strong vision and realistic goals; moderate financial sophistication.,0,"Falls outside KJET’s defined and extended VCs—engages in trade, not processing or manufacturing of horticultural crops, cereals and poultry products.",5,High inclusion and active adoption of sustainable practices.,,Tier 1,100,60,80,80,0,100,10,12,16,20,0,10,68,,0,68,5,
application_KJET-20251230180833-7BUU_with_attachments_2026-01-14_11-29-55,Applicant_KJET-20251230180833-7BUU,SOC/80062 R53257,TURKANA,Minerals,,YES,YES,All requirements have been met within the PVC,4,"Established in 2020 with a formal governance structure and significant membership growth over time, indicating operational stability and sector experience.",1,"Financial statements show steady revenue growth across three years with modest profit margins, reflecting operational activity but continued capital constraints.",3,"Consistent demand evidenced through sales to licensed dealers and local middlemen, though market access remains largely local with limited diversification.",4,"Growth strategy focuses on equipment acquisition, cleaner processing technologies, improved safety, and formalization of artisanal mining operations.",4,"Active participation in core stages of the minerals value chain, with defined backward linkages to artisanal miners and forward linkages to licensed buyers.",4,"Women participation is embedded through member cooperatives and leadership representation. Sustainability focus includes chemical-free processing, environmental rehabilitation, and safer mining practices.",,Tier 1,80,20,60,80,80,80,8,4,12,20,12,8,64,,0,64,6,
application_377_bundle.zip,Applicant_377,PVT-KAUZJRAP,UASIN GISHU,Edible Oils,,"Bank statements, mpesa statements and statements of cash flows",790384503,All documemts processed,4,"Properly registered, with 2 years of financial activity, showing early but real growth.",4,"Positive financial growth and good margins, but still small scale.",5,"Ambitious, realistic objectives and strong differentiation from competitors.",4,"Clear investment plan, though still scaling and semi-manual systems.",5,"Clear value addition, strong farmer linkages, and diversified sales channels.",4,"Positive financial growth and good margins, but still small scale.",,Tier 2,80,80,100,80,100,80,8,16,20,20,15,8,87,,0,87,1,
application_KJET-20251227183215-C82I_with_attachments_2026-01-14_11-49-58,Applicant_KJET-20251227183215-C82I,CS1078,UASIN GISHU,Dairy,,NO,YES,Financial evidence provided is thin hence does not meet the minimum requirement,5,"Longstanding cooperative (1963), steady growth in membership (256 → 356) and employees (9 → 15) over 2022–2024. Established governance structure and multiple business activities demonstrate strong operational track record.",4,Revenue growth from KES 32M → 56M over three years; profits vary (KES 400k → 778k). Stable finances but profit margins appear low relative to turnover; financial management can be strengthened.,5,"Strong B2B (60%) and B2C (40%) sales; main buyers include KCC and local consumers. Operates additional services (machinery hire, agrovet, fuel) to strengthen market relevance. Clear competitive edge through farmer support and diversified operations.",4,"Clear plans to expand milk distribution across ward and sub-county, strengthen operations, and improve efficiency. Proposals for financial management, marketing, and operations capacity building are realistic and achievable.",4,"Dairy and related agro-services. Role includes milk collection, chilling, distribution, and ancillary services to farmers, making the cooperative a central node in the local dairy value chain.",4,"Women-owned cooperative (majority women members). Adopted sustainable practices include efficient resource use and tree planting, plus community education. Demonstrates strong social and environmental commitment.",,Tier 1,100,80,100,80,80,80,10,16,20,20,12,8,86,,0,86,3,
application_KJET-20251231172629-KUBJ_with_attachments_2026-01-14_11-49-31,Applicant_KJET-20251231172629-KUBJ,CS/5711,UASIN GISHU,Dairy,"Activities include milk aggregation, farmer support (inputs, feeds),",No,Yes,Thin financial evidence,5,"Established in 1987 (36 years), with strong governance structure (Chairperson, Secretary, Treasurer, committees). Operates large-scale milk aggregation (7,000–10,000 kg/day) with consistent growth in membership (739 → 2,103 members 2022–2024).",5,Revenues and profits consistently high and stable: 2022 KES 41M/2.55M profit; 2023 KES 52.7M/2.64M; 2024 KES 80.1M/2.32M. Demonstrates strong financial performance and sustainability.,4,"Milk aggregated primarily sold to New KCC (B2B), with some B2C sales. Competitive advantage: higher purchase prices for farmers, farmer training, short-term credit support. Limited market diversification but clear plans for processing plant to stabilize market.",4,"Proposal includes acquiring larger Bulk Milk Cooler, shift to solar BMC, and establishing own milk processing plant. Detailed operational challenges and planned investments presented. Some gaps: costed financial plan for new plant not fully detailed.",4,"milk aggregation from farmers, post-harvest handling, backward linkages with suppliers (farmers), forward linkages with processors (New KCC). Plans to add processing will strengthen value addition role.",3,"Female members 46% (1,201/2,602). Some youth inclusion (18–35: 253 members in 2024). Sustainability initiatives include farmer training for drought resilience, feed preservation, super Napier seedlings, and sunflower seeds programs. Solar BMC planned, but no formal certifications yet.",,Tier 1,100,100,80,80,80,60,10,20,16,20,12,6,84,,0,84,4,
application_KJET-20251231182916-WTP9_with_attachments_2026-01-14_11-49-26,Applicant_KJET-20251231182916-WTP9,BN4-ARFA7P,UASIN GISHU,Construction Materials,,yes,yes,all requirement met,4,"Established in 2020 (3 years), stable operations, structured management team (CEO, Director, Manager, Secretary). Clear operational location and defined business.",5,Strong revenue growth (KES 20.7M → 30.3M) and profit growth (KES 6.6M → 10.7M). Good margins indicate operational sustainability and financial health.,4,"Strong market demand for roofing materials in Eldoret and North Rift; B2B 60%, B2C 40%. Competes with local and national brands, differentiation through customer service, timely delivery, and reliable quality.",4,"Plans include additional roll-forming machines, expanded storage, delivery upgrades, digital systems. Clear operational and market expansion plan.",4,"Operates across processing, distribution, and retail stages; sources raw steel locally and internationally, supplies contractors, hardware dealers, and households.",3,"Not women-owned; team includes female secretary but limited inclusivity. Sustainability initiatives: energy-efficient machinery, scrap recycling, water-saving measures, protective storage.",,Tier 2,80,100,80,80,80,60,8,20,16,20,12,6,82,,0,82,5,
application_KJET-20251231212404-LWH2_with_attachments_2026-01-14_11-49-25,Applicant_KJET-20251231212404-LWH2,PVT-ZQUPJX7,UASIN GISHU,Textiles,,Yes,Yes,Minimum requirements met for evaluation,5,"Established in 2018 , governannce structure in place",4,Revenue growth from KES 6M → 9M and profits KES 0.63M → 0.945M. Margins ~24%. Sustainable but smaller scale than heavy manufacturing clusters.,4,"Niche market in bespoke corporate wear, fashion services, and apprenticeships. Moderate competition from local fashion houses, informal tailors, and small apparel factories.",4,"Expansion plan: increase production from 25 → 100 units/day, grow stores 1 → 5, develop online stores targeting international sales. Clear growth strategy.",4,"Operates across design, procurement, production, finishing, and retail; includes training/apprenticeship services. Fully integrated in textiles value chain.",3,"Not women-owned. Sustainability: biodegradable packaging, tree growing initiatives, nonwoven recyclable bags, digital invoicing. Moderate ESG compliance.",,Tier 2,100,80,80,80,80,60,10,16,16,20,12,6,80,,0,80,6,
application_KJET-20251230180444-BJI5_with_attachments_2026-01-14_11-49-39,Applicant_KJET-20251230180444-BJI5,CS4546,UASIN GISHU,Dairy,"Activities include milk aggregation, quality checks, and planned value addition",No,Yes,"The cluster is legally registered, operates in a priority value chain (Dairy), has verifiable location and contact details, and financial evidence is sufficient",5,"Registered in 1986 (>35 years), long-standing cooperative with clear governance structure (Chairperson, Secretary, Treasurer). Demonstrated growth in membership and activities.",2,The transactions given are too thin to verify.,4,"B2B sales account for 80%, B2C 20%; main buyers include local processors (KCC) and milk vendors. Plans for milk bars, yogurt, mala, butter, ghee indicate market growth potential. Minor limitation: currently local market only.",5,"Clear plan for installing milk cooler, pasteurizer, homogenizer, and packaging machine. Expansion into value-added milk products described with operational targets and milestones. Feasible growth path.",5,"Cooperative participates in core dairy value chain: aggregation, quality checks, farmer training, and market linkage. Backward linkages (local smallholder farmers) and forward linkages (processors and vendors) are strong. Value addition planned.",4,"Women represented in management (≥30%), youth involved in membership (5 members aged 18–35 in 2024). Sustainable practices: promotion of solar products, energy-saving stoves, tree planting. Moderate room for formal programs.",,,100,40,80,100,100,80,10,8,16,25,15,8,87,5,0,87,1,
application_KJET-20251220220743-PXJ8_with_attachments_2026-01-14_11-56-58,Applicant_KJET-20251220220743-PXJ8,8913,VIHIGA,Edible Oils,,Yes,yes,criteria met; required documents provided,3,"Established in 2022 with 3+ years of operation and growing membership, showing moderate track record.",4,Annual revenues are significant (KES 360k–540k) with profits (KES 200k–300k) and formal accounting via QuickBooks.,4,"Operates in sunflower and soya value chains with a clear market for local households, traders, and retailers; currently no direct competitors locally.",4,"Detailed growth strategy with plans for medium-scale oil pressing, value addition, market expansion, and capacity building; BDS support could accelerate progress.",4,"Strong backward linkages with member farmers, coordinated production, aggregation, and plans for full value addition; well-integrated in the edible oils value chain.",4,"Implements climate-resilient agronomic practices (crop rotation, intercropping, drought-tolerant seeds, water/soil conservation); women participation is less but operational sustainability is high.",,Tier 1,60,80,80,80,80,80,6,16,16,20,12,8,78,,0,78,1,
application_562_bundle (1).zip,Applicant_562,No.44129,VIHIGA,Construction Materials,,Bank statements,721782445,Necessary documentation attached,5,Registered > 3yrs,4,Turnover 5–<10M; mostly stable; bank/Mpesa + one statement.,3,"regular local sales, one main channel, emerging quality practices",3,"direction clear, but execution resources unclear",4,"priority VC, clear node participation, some linkages",5,,,Tier 1,100,80,60,60,80,100,10,16,12,15,12,10,75,,0,75,2,
application_KJET-20251216134328-OB8O_with_attachments_2026-01-14_11-57-04,Applicant_KJET-20251216134328-OB8O,7574,VIHIGA,OTHER,Poultry farming is a commercial agricultural activity,Yes,yes,criteria met; required documents provided,3,"Registered in 2022 with basic governance structure (chair, secretary, CEO, treasurer) and 2–3 years of operational activity, but not ≥3 years.",3,"Revenue KES 270k–480k and profits KES 130k–320k over 3 years with QuickBooks and a bank statement, meeting minimum financial evidence but below KES 5M turnover.",4,"Regular B2C (70%) and B2B (30%) sales, clear marketing plan, repeat customers, and diversified income streams indicate consistent market demand.",4,"Detailed production, financial, mortality, and market targets with clear operational plans and scaling strategies.",3,"Operates in poultry (non-priority VC), with backward linkages to chicks, feed, vaccines, and equipment suppliers, showing a moderate node in the value chain.",5,"Women hold key leadership positions, sustainable waste and water management, biosecurity, and green practices fully implemented.",,Tier 1,60,60,80,80,60,100,6,12,16,20,9,10,73,,0,73,3,
application_KJET-20251229102803-9VLT_with_attachments_2026-01-14_11-56-55,Applicant_KJET-20251229102803-9VLT,47298,VIHIGA,Minerals,,Yes,yes,criteria met; required documents provided,5,"Registered 2015, governance structure noted, functioning leadership.",2,Bank statement shows minimal cash; claimed revenue not verifiable. Weak liquidity.,3,"80% B2B to brokers; repeat buyers exist, moderate market positioning.",3,Clear plan for mechanization; costed plan provided; operational improvements expected.,5,"Priority VC (Minerals), fills critical nodes (digging, washing, selling to brokers).",4,"Women representation at 50%, green initiatives (tree planting, bamboo).",,Tier 1,100,40,60,60,100,80,10,8,12,15,15,8,68,,0,68,4,
application_KJET-20260104104129-GGWZ_with_attachments_2026-01-14_11-56-45,Applicant_KJET-20260104104129-GGWZ,PVT-7LUQ9KX,VIHIGA,Blue Economy,,yes,yes,all requirements met,4,"Established in 2019 with steady growth in membership, employment, and assets, indicating operational stability",3,Turnover base exceeding 1.2m,3,"Diversified product mix and growing sales but lacks documented contracts, digital channels, or competitive benchmarking",2,"Growth ambition toward exports exists, but strategy details, market research, and implementation roadmap are weakly articulated",4,"Strong circular economy model converting municipal waste into feed, compost, fish, and poultry integrates multiple value chain nodes.",5,"51% women ownership, woman CEO, youth-dominated membership, solar energy use, and 90% waste recycling demonstrate high inclusivity and environmental sustainability",,Tier 2,80,60,60,40,80,100,8,12,12,10,12,10,64,,0,64,5,
application_KJET-20260101211158-GW6R_with_attachments_2026-01-14_11-56-50,Applicant_KJET-20260101211158-GW6R,PVT-6LUKM2VB,VIHIGA,Construction Materials,,Yes,yes,criteria met; required documents provided,3,Moderate track record,2,Active but inconsistent financial reporting. Major inconsistency between declared revenue and bank statement.,3,"Strong concept, weak proof of real market traction",4,Strong planning but questionable scale realism,4,Strong alignment to PVC objectives,5,Excellent inclusivity & sustainability alignment,P1,,60,40,60,80,80,100,6,8,12,20,12,10,68,,5,63,#N/A,
application_KJET-20251230170002-FIYW_with_attachments_2026-01-14_12-01-52,Applicant_KJET-20251230170002-FIYW,cs/27088,WAJIR,Dairy,,Yes,Yes,All requirements met,5,2022,3,1-5M,3,Regular local sales,3,clear direction,4,clear node,5,50% women inclusion,,Tier 1,100,60,60,60,80,100,10,12,12,15,12,10,71,,0,71,1,
application_349_bundle.zip,Applicant_349,SC/16791,WAJIR,OTHER,"FARMING , LIVESTOCK FEEDING AND FEEDLOCK",Bank Statementy,723222135,Out of scope value chain as they dwell in livestock keeping,2,Registered but irregular governance.,3,Valid bank statement with <5M,5,Multichannel sales.,4,Well stated plans with minor gaps.,0,Not a priority VC.,4,<50% of women but with more than 2 green practices.,,Tier 1,40,60,100,80,0,80,4,12,20,20,0,8,64,,0,64,2,
application_KJET-20251231110958-DXNM_with_attachments_2026-01-14_12-01-50,Applicant_KJET-20251231110958-DXNM,WJR/HCT/7144/2023,WAJIR,Textiles,,No,Yes,2023 financial statement,4,2023,1,Irregular,1,sporadic sales,1,aspirational,2,unclear node,5,50% women inclusion,,Tier 1,80,20,20,20,40,100,8,4,4,5,6,10,37,,0,37,3,
application_KJET-20251230132714-T0ER_with_attachments_2026-01-14_12-01-54,Applicant_KJET-20251230132714-T0ER,WJR/HCT/155/015,WAJIR,Construction Materials,,Yes,Yes,All requirements met,5,2015,1,Irregular transaction,1,sporadic sales,1,aspirational,1,marginal link,5,50% women inclusion,,Tier 1,100,20,20,20,20,100,10,4,4,5,3,10,36,,0,36,4,
application_KJET-20251231230542-1GCL_with_attachments_2026-01-14_12-01-46,Applicant_KJET-20251231230542-1GCL,CS/29269,WAJIR,Dairy,,Yes,Yes,All requirements met,4,2023,0,Thin evidence,1,sporadic sales,1,aspirational,1,marginal link,5,50% women inclusion,,Tier 1,80,0,20,20,20,100,8,0,4,5,3,10,30,,0,30,5,
application_KJET-20251225104445-EVIM_with_attachments_2026-01-14_12-02-00,Applicant_KJET-20251225104445-EVIM,WJR/HCT/1035/017,WAJIR,Dairy,,NO,YES,fail financial evidence,5,2017,0,NOT PROVIDED,0,No market evidence,0,no plan,1,marginal link,5,50% women inclusion,,Tier 1,100,0,0,0,20,100,10,0,0,0,3,10,23,,0,23,6,
application_KJET-20251224091551-6JC0_with_attachments_2026-01-14_12-06-43,Applicant_KJET-20251224091551-6JC0,CS/19891,WEST POKOT,Dairy,,yes,yes,all requirements available,5,registered since 2016 as a cooperative society,2,turnover less than 1M,3,has a regular local channel of sales to brookside,3,clear but has no budget,5,"priority value chain with aggregation, processing and sales",4,has both youth and women and some green practices,,Tier 1,100,40,60,60,100,80,10,8,12,15,15,8,68,,0,68,1,
application_KJET-20251229122229-0HAR_with_attachments_2026-01-14_12-06-36,Applicant_KJET-20251229122229-0HAR,ps/2015/0223,WEST POKOT,Dairy,,yes,yes,all requirements available,5,registered since 2015,2,turnover less than 1M,3,has a regular local channel of sales to brookside,3,clear but has no budget,5,"priority value chain with aggregation, processing and sales",3,has both youth and women ans some aspect of green practices,,Tier 1,100,40,60,60,100,60,10,8,12,15,15,6,66,,0,66,2,
application_KJET-20251223170932-MD1V_with_attachments_2026-01-14_12-06-49,Applicant_KJET-20251223170932-MD1V,CS/12496,WEST POKOT,Minerals,,yes,yes,all requirements available,5,registered since 2010,1,turnover less than 1M,3,has regular sales with 3 channels,3,clear but has no budget,5,"priority value chain that involves production, processing and value addition",2,"has youth but no women , there are some aspect of green practices",,Tier 1,100,20,60,60,100,40,10,4,12,15,15,4,60,,0,60,3,
application_KJET-20251230161556-UTZS_with_attachments_2026-01-14_12-06-33,Applicant_KJET-20251230161556-UTZS,CS/7295,WEST POKOT,Dairy,,yes,yes,all requirements available,5,registered since 1994,3,turnover is more than 1M.,3,has a regular local channel of sales to brookside,1,no clear plan and no budget,5,"priority value chain with aggregation, processing and sales",3,has both youth and women ans some aspect of green practices,,Tier 1,100,60,60,20,100,60,10,12,12,5,15,6,60,,0,60,3,
application_KJET-20251222174212-LVHC_with_attachments_2026-01-14_12-06-52,Applicant_KJET-20251222174212-LVHC,CS 882,WEST POKOT,Coffee,,yes,yes,all requirements available,5,registered since 1966,3,turnover is more than 1M with positive growth,1,no clear channels of sales have been indicated,2,vague and unclear,5,"priority value chain involved in aggregation, processing and sales",4,has both youth and women and some green practices,,,100,60,20,40,100,80,10,12,4,10,15,8,59,,0,59,#N/A,
application_KJET-20251230173824-ZES3_with_attachments_2026-01-14_12-06-31,Applicant_KJET-20251230173824-ZES3,CS/30180,WEST POKOT,OTHER,poultry farming,yes,yes,all requirements available,4,registered as a cooperative since 2024,2,turnover is less than 1M,3,has a regular local channel of sales.,3,clear plan but no budget,1,marginal link of rearing chicks,3,has both youth and women ans some aspect of green practices,,,80,40,60,60,20,60,8,8,12,15,3,6,52,,0,52,#N/A,
,,,,,,,,,,,,,,,,,,,,,,,,,,,,,,,,,,,,,,,,
,,,,,,,,,,,,,,,,,,,,,,,,,,,,,,,,,,,,,,,,
,,,,,,,,,,,,,,,,,,,,,,,,,,,,,,,,,,,,,,,,
,,,,,,,,,,,,,,,,,,,,,,,,,,,,,,,,,,,,,,,,
,,,,,,,,,,,,,,,,,,,,,,,,,,,,,,,,,,,,,,,,
,,,,,,,,,,,,,,,,,,,,,,,,,,,,,,,,,,,,,,,,
,,,,,,,,,,,,,,,,,,,,,,,,,,,,,,,,,,,,,,,,
,,,,,,,,,,,,,,,,,,,,,,,,,,,,,,,,,,,,,,,,
,,,,,,,,,,,,,,,,,,,,,,,,,,,,,,,,,,,,,,,,
,,,,,,,,,,,,,,,,,,,,,,,,,,,,,,,,,,,,,,,,
,,,,,,,,,,,,,,,,,,,,,,,,,,,,,,,,,,,,,,,,
,,,,,,,,,,,,,,,,,,,,,,,,,,,,,,,,,,,,,,,,
,,,,,,,,,,,,,,,,,,,,,,,,,,,,,,,,,,,,,,,,
,,,,,,,,,,,,,,,,,,,,,,,,,,,,,,,,,,,,,,,,
,,,,,,,,,,,,,,,,,,,,,,,,,,,,,,,,,,,,,,,,
,,,,,,,,,,,,,,,,,,,,,,,,,,,,,,,,,,,,,,,,
,,,,,,,,,,,,,,,,,,,,,,,,,,,,,,,,,,,,,,,,
,,,,,,,,,,,,,,,,,,,,,,,,,,,,,,,,,,,,,,,,
,,,,,,,,,,,,,,,,,,,,,,,,,,,,,,,,,,,,,,,,
,,,,,,,,,,,,,,,,,,,,,,,,,,,,,,,,,,,,,,,,
,,,,,,,,,,,,,,,,,,,,,,,,,,,,,,,,,,,,,,,,
,,,,,,,,,,,,,,,,,,,,,,,,,,,,,,,,,,,,,,,,
,,,,,,,,,,,,,,,,,,,,,,,,,,,,,,,,,,,,,,,,
,,,,,,,,,,,,,,,,,,,,,,,,,,,,,,,,,,,,,,,,
,,,,,,,,,,,,,,,,,,,,,,,,,,,,,,,,,,,,,,,,
,,,,,,,,,,,,,,,,,,,,,,,,,,,,,,,,,,,,,,,,
,,,,,,,,,,,,,,,,,,,,,,,,,,,,,,,,,,,,,,,,
,,,,,,,,,,,,,,,,,,,,,,,,,,,,,,,,,,,,,,,,
,,,,,,,,,,,,,,,,,,,,,,,,,,,,,,,,,,,,,,,,
,,,,,,,,,,,,,,,,,,,,,,,,,,,,,,,,,,,,,,,,
,,,,,,,,,,,,,,,,,,,,,,,,,,,,,,,,,,,,,,,,
,,,,,,,,,,,,,,,,,,,,,,,,,,,,,,,,,,,,,,,,
,,,,,,,,,,,,,,,,,,,,,,,,,,,,,,,,,,,,,,,,
,,,,,,,,,,,,,,,,,,,,,,,,,,,,,,,,,,,,,,,,
,,,,,,,,,,,,,,,,,,,,,,,,,,,,,,,,,,,,,,,,
,,,,,,,,,,,,,,,,,,,,,,,,,,,,,,,,,,,,,,,,
,,,,,,,,,,,,,,,,,,,,,,,,,,,,,,,,,,,,,,,,
,,,,,,,,,,,,,,,,,,,,,,,,,,,,,,,,,,,,,,,,
,,,,,,,,,,,,,,,,,,,,,,,,,,,,,,,,,,,,,,,,
,,,,,,,,,,,,,,,,,,,,,,,,,,,,,,,,,,,,,,,,
,,,,,,,,,,,,,,,,,,,,,,,,,,,,,,,,,,,,,,,,
,,,,,,,,,,,,,,,,,,,,,,,,,,,,,,,,,,,,,,,,
,,,,,,,,,,,,,,,,,,,,,,,,,,,,,,,,,,,,,,,,
,,,,,,,,,,,,,,,,,,,,,,,,,,,,,,,,,,,,,,,,
,,,,,,,,,,,,,,,,,,,,,,,,,,,,,,,,,,,,,,,,
,,,,,,,,,,,,,,,,,,,,,,,,,,,,,,,,,,,,,,,,
,,,,,,,,,,,,,,,,,,,,,,,,,,,,,,,,,,,,,,,,
,,,,,,,,,,,,,,,,,,,,,,,,,,,,,,,,,,,,,,,,
,,,,,,,,,,,,,,,,,,,,,,,,,,,,,,,,,,,,,,,,
,,,,,,,,,,,,,,,,,,,,,,,,,,,,,,,,,,,,,,,,
,,,,,,,,,,,,,,,,,,,,,,,,,,,,,,,,,,,,,,,,
,,,,,,,,,,,,,,,,,,,,,,,,,,,,,,,,,,,,,,,,
,,,,,,,,,,,,,,,,,,,,,,,,,,,,,,,,,,,,,,,,
,,,,,,,,,,,,,,,,,,,,,,,,,,,,,,,,,,,,,,,,
,,,,,,,,,,,,,,,,,,,,,,,,,,,,,,,,,,,,,,,,
,,,,,,,,,,,,,,,,,,,,,,,,,,,,,,,,,,,,,,,,
,,,,,,,,,,,,,,,,,,,,,,,,,,,,,,,,,,,,,,,,
,,,,,,,,,,,,,,,,,,,,,,,,,,,,,,,,,,,,,,,,
,,,,,,,,,,,,,,,,,,,,,,,,,,,,,,,,,,,,,,,,
,,,,,,,,,,,,,,,,,,,,,,,,,,,,,,,,,,,,,,,,
,,,,,,,,,,,,,,,,,,,,,,,,,,,,,,,,,,,,,,,,
,,,,,,,,,,,,,,,,,,,,,,,,,,,,,,,,,,,,,,,,
,,,,,,,,,,,,,,,,,,,,,,,,,,,,,,,,,,,,,,,,
,,,,,,,,,,,,,,,,,,,,,,,,,,,,,,,,,,,,,,,,
,,,,,,,,,,,,,,,,,,,,,,,,,,,,,,,,,,,,,,,,
,,,,,,,,,,,,,,,,,,,,,,,,,,,,,,,,,,,,,,,,
,,,,,,,,,,,,,,,,,,,,,,,,,,,,,,,,,,,,5,,,,
,,,,,,,,,,,,,,,,,,,,,,,,,,,,,,,,,,,,,,,,
,,,,,,,,,,,,,,,,,,,,,,,,,,,,,,,,,,,,,,,,
,,,,,,,,,,,,,,,,,,,,,,,,,,,,,,,,,,,,,,,,
,,,,,,,,,,,,,,,,,,,,,,,,,,,,,,,,,,,,5,,,,
,,,,,,,,,,,,,,,,,,,,,,,,,,,,,,,,,,,,,,,,
,,,,,,,,,,,,,,,,,,,,,,,,,,,,,,,,,,,,,,,,
,,,,,,,,,,,,,,,,,,,,,,,,,,,,,,,,,,,,,,,,
,,,,,,,,,,,,,,,,,,,,,,,,,,,,,,,,,,,,,,,,
,,,,,,,,,,,,,,,,,,,,,,,,,,,,,,,,,,,,,,,,
,,,,,,,,,,,,,,,,,,,,,,,,,,,,,,,,,,,,,,,,
,,,,,,,,,,,,,,,,,,,,,,,,,,,,,,,,,,,,,,,,
,,,,,,,,,,,,,,,,,,,,,,,,,,,,,,,,,,,,,,,,
,,,,,,,,,,,,,,,,,,,,,,,,,,,,,,,,,,,,5,,,,
,,,,,,,,,,,,,,,,,,,,,,,,,,,,,,,,,,,,,,,,
,,,,,,,,,,,,,,,,,,,,,,,,,,,,,,,,,,,,,,,,
,,,,,,,,,,,,,,,,,,,,,,,,,,,,,,,,,,,,,,,,
,,,,,,,,,,,,,,,,,,,,,,,,,,,,,,,,,,,,,,,,
,,,,,,,,,,,,,,,,,,,,,,,,,,,,,,,,,,,,,,,,
,,,,,,,,,,,,,,,,,,,,,,,,,,,,,,,,,,,,,,,,
,,,,,,,,,,,,,,,,,,,,,,,,,,,,,,,,,,,,,,,,
,,,,,,,,,,,,,,,,,,,,,,,,,,,,,,,,,,,,,,,,
,,,,,,,,,,,,,,,,,,,,,,,,,,,,,,,,,,,,,,,,
,,,,,,,,,,,,,,,,,,,,,,,,,,,,,,,,,,,,,,,,
,,,,,,,,,,,,,,,,,,,,,,,,,,,,,,,,,,,,,,,,
,,,,,,,,,,,,,,,,,,,,,,,,,,,,,,,,,,,,,,,,
,,,,,,,,,,,,,,,,,,,,,,,,,,,,,,,,,,,,,,,,
,,,,,,,,,,,,,,,,,,,,,,,,,,,,,,,,,,,,,,,,
,,,,,,,,,,,,,,,,,,,,,,,,,,,,,,,,,,,,,,,,
,,,,,,,,,,,,,,,,,,,,,,,,,,,,,,,,,,,,,,,,
,,,,,,,,,,,,,,,,,,,,,,,,,,,,,,,,,,,,,,,,
,,,,,,,,,,,,,,,,,,,,,,,,,,,,,,,,,,,,,,,,
,,,,,,,,,,,,,,,,,,,,,,,,,,,,,,,,,,,,,,,,
,,,,,,,,,,,,,,,,,,,,,,,,,,,,,,,,,,,,,,,,
,,,,,,,,,,,,,,,,,,,,,,,,,,,,,,,,,,,,,,,,
,,,,,,,,,,,,,,,,,,,,,,,,,,,,,,,,,,,,,,,,
,,,,,,,,,,,,,,,,,,,,,,,,,,,,,,,,,,,,,,,,
,,,,,,,,,,,,,,,,,,,,,,,,,,,,,,,,,,,,,,,,
,,,,,,,,,,,,,,,,,,,,,,,,,,,,,,,,,,,,,,,,
,,,,,,,,,,,,,,,,,,,,,,,,,,,,,,,,,,,,,,,,
,,,,,,,,,,,,,,,,,,,,,,,,,,,,,,,,,,,,,,,,
,,,,,,,,,,,,,,,,,,,,,,,,,,,,,,,,,,,,,,,,
,,,,,,,,,,,,,,,,,,,,,,,,,,,,,,,,,,,,,,,,
,,,,,,,,,,,,,,,,,,,,,,,,,,,,,,,,,,,,,,,,
,,,,,,,,,,,,,,,,,,,,,,,,,,,,,,,,,,,,,,,,
,,,,,,,,,,,,,,,,,,,,,,,,,,,,,,,,,,,,,,,,
,,,,,,,,,,,,,,,,,,,,,,,,,,,,,,,,,,,,,,,,
,,,,,,,,,,,,,,,,,,,,,,,,,,,,,,,,,,,,,,,,
,,,,,,,,,,,,,,,,,,,,,,,,,,,,,,,,,,,,,,,,
,,,,,,,,,,,,,,,,,,,,,,,,,,,,,,,,,,,,,,,,
,,,,,,,,,,,,,,,,,,,,,,,,,,,,,,,,,,,,,,,,
,,,,,,,,,,,,,,,,,,,,,,,,,,,,,,,,,,,,,,,,
,,,,,,,,,,,,,,,,,,,,,,,,,,,,,,,,,,,,,,,,
,,,,,,,,,,,,,,,,,,,,,,,,,,,,,,,,,,,,,,,,
,,,,,,,,,,,,,,,,,,,,,,,,,,,,,,,,,,,,,,,,
,,,,,,,,,,,,,,,,,,,,,,,,,,,,,,,,,,,,,,,,
,,,,,,,,,,,,,,,,,,,,,,,,,,,,,,,,,,,,,,,,
,,,,,,,,,,,,,,,,,,,,,,,,,,,,,,,,,,,,,,,,
,,,,,,,,,,,,,,,,,,,,,,,,,,,,,,,,,,,,,,,,
,,,,,,,,,,,,,,,,,,,,,,,,,,,,,,,,,,,,,,,,
,,,,,,,,,,,,,,,,,,,,,,,,,,,,,,,,,,,,,,,,
,,,,,,,,,,,,,,,,,,,,,,,,,,,,,,,,,,,,,,,,
,,,,,,,,,,,,,,,,,,,,,,,,,,,,,,,,,,,,,,,,
,,,,,,,,,,,,,,,,,,,,,,,,,,,,,,,,,,,,,,,,
,,,,,,,,,,,,,,,,,,,,,,,,,,,,,,,,,,,,,,,,
,,,,,,,,,,,,,,,,,,,,,,,,,,,,,,,,,,,,,,,,
,,,,,,,,,,,,,,,,,,,,,,,,,,,,,,,,,,,,,,,,
,,,,,,,,,,,,,,,,,,,,,,,,,,,,,,,,,,,,,,,,
,,,,,,,,,,,,,,,,,,,,,,,,,,,,,,,,,,,,,,,,
,,,,,,,,,,,,,,,,,,,,,,,,,,,,,,,,,,,,,,,,
,,,,,,,,,,,,,,,,,,,,,,,,,,,,,,,,,,,,,,,,
,,,,,,,,,,,,,,,,,,,,,,,,,,,,,,,,,,,,,,,,
,,,,,,,,,,,,,,,,,,,,,,,,,,,,,,,,,,,,,,,,
,,,,,,,,,,,,,,,,,,,,,,,,,,,,,,,,,,,,,,,,
,,,,,,,,,,,,,,,,,,,,,,,,,,,,,,,,,,,,,,,,
,,,,,,,,,,,,,,,,,,,,,,,,,,,,,,,,,,,,,,,,
,,,,,,,,,,,,,,,,,,,,,,,,,,,,,,,,,,,,,,,,
,,,,,,,,,,,,,,,,,,,,,,,,,,,,,,,,,,,,,,,,
,,,,,,,,,,,,,,,,,,,,,,,,,,,,,,,,,,,,,,,,
,,,,,,,,,,,,,,,,,,,,,,,,,,,,,,,,,,,,,,,,
,,,,,,,,,,,,,,,,,,,,,,,,,,,,,,,,,,,,,,,,
,,,,,,,,,,,,,,,,,,,,,,,,,,,,,,,,,,,,,,,,
,,,,,,,,,,,,,,,,,,,,,,,,,,,,,,,,,,,,,,,,
,,,,,,,,,,,,,,,,,,,,,,,,,,,,,,,,,,,,,,,,
,,,,,,,,,,,,,,,,,,,,,,,,,,,,,,,,,,,,,,,,
,,,,,,,,,,,,,,,,,,,,,,,,,,,,,,,,,,,,,,,,
,,,,,,,,,,,,,,,,,,,,,,,,,,,,,,,,,,,,,,,,
,,,,,,,,,,,,,,,,,,,,,,,,,,,,,,,,,,,,,,,,
,,,,,,,,,,,,,,,,,,,,,,,,,,,,,,,,,,,,,,,,
,,,,,,,,,,,,,,,,,,,,,,,,,,,,,,,,,,,,,,,,
,,,,,,,,,,,,,,,,,,,,,,,,,,,,,,,,,,,,,,,,
,,,,,,,,,,,,,,,,,,,,,,,,,,,,,,,,,,,,,,,,
,,,,,,,,,,,,,,,,,,,,,,,,,,,,,,,,,,,,,,,,
,,,,,,,,,,,,,,,,,,,,,,,,,,,,,,,,,,,,,,,,
,,,,,,,,,,,,,,,,,,,,,,,,,,,,,,,,,,,,,,,,
,,,,,,,,,,,,,,,,,,,,,,,,,,,,,,,,,,,,,,,,
,,,,,,,,,,,,,,,,,,,,,,,,,,,,,,,,,,,,,,,,
,,,,,,,,,,,,,,,,,,,,,,,,,,,,,,,,,,,,,,,,
,,,,,,,,,,,,,,,,,,,,,,,,,,,,,,,,,,,,,,,,
,,,,,,,,,,,,,,,,,,,,,,,,,,,,,,,,,,,,,,,,
,,,,,,,,,,,,,,,,,,,,,,,,,,,,,,,,,,,,,,,,
,,,,,,,,,,,,,,,,,,,,,,,,,,,,,,,,,,,,,,,,
,,,,,,,,,,,,,,,,,,,,,,,,,,,,,,,,,,,,,,,,
,,,,,,,,,,,,,,,,,,,,,,,,,,,,,,,,,,,,,,,,
,,,,,,,,,,,,,,,,,,,,,,,,,,,,,,,,,,,,,,,,
,,,,,,,,,,,,,,,,,,,,,,,,,,,,,,,,,,,,,,,,
,,,,,,,,,,,,,,,,,,,,,,,,,,,,,,,,,,,,,,,,
,,,,,,,,,,,,,,,,,,,,,,,,,,,,,,,,,,,,,,,,
,,,,,,,,,,,,,,,,,,,,,,,,,,,,,,,,,,,,,,,,
,,,,,,,,,,,,,,,,,,,,,,,,,,,,,,,,,,,,,,,,
,,,,,,,,,,,,,,,,,,,,,,,,,,,,,,,,,,,,,,,,
,,,,,,,,,,,,,,,,,,,,,,,,,,,,,,,,,,,,,,,,
,,,,,,,,,,,,,,,,,,,,,,,,,,,,,,,,,,,,,,,,
,,,,,,,,,,,,,,,,,,,,,,,,,,,,,,,,,,,,,,,,
,,,,,,,,,,,,,,,,,,,,,,,,,,,,,,,,,,,,,,,,
,,,,,,,,,,,,,,,,,,,,,,,,,,,,,,,,,,,,,,,,
,,,,,,,,,,,,,,,,,,,,,,,,,,,,,,,,,,,,,,,,
,,,,,,,,,,,,,,,,,,,,,,,,,,,,,,,,,,,,,,,,
,,,,,,,,,,,,,,,,,,,,,,,,,,,,,,,,,,,,,,,,
,,,,,,,,,,,,,,,,,,,,,,,,,,,,,,,,,,,,,,,,
,,,,,,,,,,,,,,,,,,,,,,,,,,,,,,,,,,,,,,,,
,,,,,,,,,,,,,,,,,,,,,,,,,,,,,,,,,,,,,,,,
,,,,,,,,,,,,,,,,,,,,,,,,,,,,,,,,,,,,,,,,
,,,,,,,,,,,,,,,,,,,,,,,,,,,,,,,,,,,,,,,,
,,,,,,,,,,,,,,,,,,,,,,,,,,,,,,,,,,,,,,,,
,,,,,,,,,,,,,,,,,,,,,,,,,,,,,,,,,,,,,,,,
,,,,,,,,,,,,,,,,,,,,,,,,,,,,,,,,,,,,,,,,
,,,,,,,,,,,,,,,,,,,,,,,,,,,,,,,,,,,,,,,,
,,,,,,,,,,,,,,,,,,,,,,,,,,,,,,,,,,,,,,,,
,,,,,,,,,,,,,,,,,,,,,,,,,,,,,,,,,,,,,,,,
,,,,,,,,,,,,,,,,,,,,,,,,,,,,,,,,,,,,,,,,
,,,,,,,,,,,,,,,,,,,,,,,,,,,,,,,,,,,,,,,,
,,,,,,,,,,,,,,,,,,,,,,,,,,,,,,,,,,,,,,,,
,,,,,,,,,,,,,,,,,,,,,,,,,,,,,,,,,,,,,,,,
,,,,,,,,,,,,,,,,,,,,,,,,,,,,,,,,,,,,,,,,
,,,,,,,,,,,,,,,,,,,,,,,,,,,,,,,,,,,,,,,,
,,,,,,,,,,,,,,,,,,,,,,,,,,,,,,,,,,,,,,,,
,,,,,,,,,,,,,,,,,,,,,,,,,,,,,,,,,,,,,,,,
,,,,,,,,,,,,,,,,,,,,,,,,,,,,,,,,,,,,,,,,
,,,,,,,,,,,,,,,,,,,,,,,,,,,,,,,,,,,,,,,,
,,,,,,,,,,,,,,,,,,,,,,,,,,,,,,,,,,,,,,,,
,,,,,,,,,,,,,,,,,,,,,,,,,,,,,,,,,,,,,,,,
,,,,,,,,,,,,,,,,,,,,,,,,,,,,,,,,,,,,,,,,
,,,,,,,,,,,,,,,,,,,,,,,,,,,,,,,,,,,,,,,,
,,,,,,,,,,,,,,,,,,,,,,,,,,,,,,,,,,,,,,,,
,,,,,,,,,,,,,,,,,,,,,,,,,,,,,,,,,,,,,,,,
,,,,,,,,,,,,,,,,,,,,,,,,,,,,,,,,,,,,,,,,
,,,,,,,,,,,,,,,,,,,,,,,,,,,,,,,,,,,,,,,,
,,,,,,,,,,,,,,,,,,,,,,,,,,,,,,,,,,,,,,,,
,,,,,,,,,,,,,,,,,,,,,,,,,,,,,,,,,,,,,,,,
,,,,,,,,,,,,,,,,,,,,,,,,,,,,,,,,,,,,,,,,
,,,,,,,,,,,,,,,,,,,,,,,,,,,,,,,,,,,,,,,,
,,,,,,,,,,,,,,,,,,,,,,,,,,,,,,,,,,,,,,,,
,,,,,,,,,,,,,,,,,,,,,,,,,,,,,,,,,,,,,,,,
,,,,,,,,,,,,,,,,,,,,,,,,,,,,,,,,,,,,,,,,
,,,,,,,,,,,,,,,,,,,,,,,,,,,,,,,,,,,,,,,,
,,,,,,,,,,,,,,,,,,,,,,,,,,,,,,,,,,,,,,,,
,,,,,,,,,,,,,,,,,,,,,,,,,,,,,,,,,,,,,,,,
,,,,,,,,,,,,,,,,,,,,,,,,,,,,,,,,,,,,,,,,
,,,,,,,,,,,,,,,,,,,,,,,,,,,,,,,,,,,,,,,,
,,,,,,,,,,,,,,,,,,,,,,,,,,,,,,,,,,,,,,,,
,,,,,,,,,,,,,,,,,,,,,,,,,,,,,,,,,,,,,,,,
,,,,,,,,,,,,,,,,,,,,,,,,,,,,,,,,,,,,,,,,
,,,,,,,,,,,,,,,,,,,,,,,,,,,,,,,,,,,,,,,,
,,,,,,,,,,,,,,,,,,,,,,,,,,,,,,,,,,,,,,,,
,,,,,,,,,,,,,,,,,,,,,,,,,,,,,,,,,,,,,,,,
,,,,,,,,,,,,,,,,,,,,,,,,,,,,,,,,,,,,,,,,
,,,,,,,,,,,,,,,,,,,,,,,,,,,,,,,,,,,,,,,,
,,,,,,,,,,,,,,,,,,,,,,,,,,,,,,,,,,,,,,,,
,,,,,,,,,,,,,,,,,,,,,,,,,,,,,,,,,,,,,,,,
,,,,,,,,,,,,,,,,,,,,,,,,,,,,,,,,,,,,,,,,
,,,,,,,,,,,,,,,,,,,,,,,,,,,,,,,,,,,,,,,,
,,,,,,,,,,,,,,,,,,,,,,,,,,,,,,,,,,,,,,,,
,,,,,,,,,,,,,,,,,,,,,,,,,,,,,,,,,,,,,,,,
,,,,,,,,,,,,,,,,,,,,,,,,,,,,,,,,,,,,,,,,
,,,,,,,,,,,,,,,,,,,,,,,,,,,,,,,,,,,,,,,,
,,,,,,,,,,,,,,,,,,,,,,,,,,,,,,,,,,,,,,,,
,,,,,,,,,,,,,,,,,,,,,,,,,,,,,,,,,,,,,,,,
,,,,,,,,,,,,,,,,,,,,,,,,,,,,,,,,,,,,,,,,
,,,,,,,,,,,,,,,,,,,,,,,,,,,,,,,,,,,,,,,,
,,,,,,,,,,,,,,,,,,,,,,,,,,,,,,,,,,,,,,,,
,,,,,,,,,,,,,,,,,,,,,,,,,,,,,,,,,,,,,,,,
,,,,,,,,,,,,,,,,,,,,,,,,,,,,,,,,,,,,,,,,
,,,,,,,,,,,,,,,,,,,,,,,,,,,,,,,,,,,,,,,,
,,,,,,,,,,,,,,,,,,,,,,,,,,,,,,,,,,,,,,,,
,,,,,,,,,,,,,,,,,,,,,,,,,,,,,,,,,,,,,,,,
,,,,,,,,,,,,,,,,,,,,,,,,,,,,,,,,,,,,,,,,
,,,,,,,,,,,,,,,,,,,,,,,,,,,,,,,,,,,,,,,,
,,,,,,,,,,,,,,,,,,,,,,,,,,,,,,,,,,,,,,,,
,,,,,,,,,,,,,,,,,,,,,,,,,,,,,,,,,,,,,,,,
,,,,,,,,,,,,,,,,,,,,,,,,,,,,,,,,,,,,,,,,
,,,,,,,,,,,,,,,,,,,,,,,,,,,,,,,,,,,,,,,,
,,,,,,,,,,,,,,,,,,,,,,,,,,,,,,,,,,,,,,,,
,,,,,,,,,,,,,,,,,,,,,,,,,,,,,,,,,,,,,,,,
,,,,,,,,,,,,,,,,,,,,,,,,,,,,,,,,,,,,,,,,
,,,,,,,,,,,,,,,,,,,,,,,,,,,,,,,,,,,,,,,,
,,,,,,,,,,,,,,,,,,,,,,,,,,,,,,,,,,,,,,,,
,,,,,,,,,,,,,,,,,,,,,,,,,,,,,,,,,,,,,,,,
,,,,,,,,,,,,,,,,,,,,,,,,,,,,,,,,,,,,,,,,
,,,,,,,,,,,,,,,,,,,,,,,,,,,,,,,,,,,,,,,,
,,,,,,,,,,,,,,,,,,,,,,,,,,,,,,,,,,,,,,,,
,,,,,,,,,,,,,,,,,,,,,,,,,,,,,,,,,,,,,,,,
,,,,,,,,,,,,,,,,,,,,,,,,,,,,,,,,,,,,,,,,
,,,,,,,,,,,,,,,,,,,,,,,,,,,,,,,,,,,,,,,,
,,,,,,,,,,,,,,,,,,,,,,,,,,,,,,,,,,,,,,,,
,,,,,,,,,,,,,,,,,,,,,,,,,,,,,,,,,,,,,,,,
,,,,,,,,,,,,,,,,,,,,,,,,,,,,,,,,,,,,,,,,
,,,,,,,,,,,,,,,,,,,,,,,,,,,,,,,,,,,,,,,,
,,,,,,,,,,,,,,,,,,,,,,,,,,,,,,,,,,,,,,,,
,,,,,,,,,,,,,,,,,,,,,,,,,,,,,,,,,,,,,,,,
,,,,,,,,,,,,,,,,,,,,,,,,,,,,,,,,,,,,,,,,
,,,,,,,,,,,,,,,,,,,,,,,,,,,,,,,,,,,,,,,,
,,,,,,,,,,,,,,,,,,,,,,,,,,,,,,,,,,,,,,,,
,,,,,,,,,,,,,,,,,,,,,,,,,,,,,,,,,,,,,,,,
,,,,,,,,,,,,,,,,,,,,,,,,,,,,,,,,,,,,,,,,
,,,,,,,,,,,,,,,,,,,,,,,,,,,,,,,,,,,,,,,,
,,,,,,,,,,,,,,,,,,,,,,,,,,,,,,,,,,,,,,,,
,,,,,,,,,,,,,,,,,,,,,,,,,,,,,,,,,,,,,,,,
,,,,,,,,,,,,,,,,,,,,,,,,,,,,,,,,,,,,,,,,
,,,,,,,,,,,,,,,,,,,,,,,,,,,,,,,,,,,,,,,,
,,,,,,,,,,,,,,,,,,,,,,,,,,,,,,,,,,,,,,,,
,,,,,,,,,,,,,,,,,,,,,,,,,,,,,,,,,,,,,,,,
,,,,,,,,,,,,,,,,,,,,,,,,,,,,,,,,,,,,,,,,
,,,,,,,,,,,,,,,,,,,,,,,,,,,,,,,,,,,,,,,,
,,,,,,,,,,,,,,,,,,,,,,,,,,,,,,,,,,,,,,,,
,,,,,,,,,,,,,,,,,,,,,,,,,,,,,,,,,,,,,,,,
,,,,,,,,,,,,,,,,,,,,,,,,,,,,,,,,,,,,,,,,
,,,,,,,,,,,,,,,,,,,,,,,,,,,,,,,,,,,,,,,,
,,,,,,,,,,,,,,,,,,,,,,,,,,,,,,,,,,,,,,,,
,,,,,,,,,,,,,,,,,,,,,,,,,,,,,,,,,,,,,,,,
,,,,,,,,,,,,,,,,,,,,,,,,,,,,,,,,,,,,,,,,
,,,,,,,,,,,,,,,,,,,,,,,,,,,,,,,,,,,,,,,,
,,,,,,,,,,,,,,,,,,,,,,,,,,,,,,,,,,,,,,,,
,,,,,,,,,,,,,,,,,,,,,,,,,,,,,,,,,,,,,,,,
,,,,,,,,,,,,,,,,,,,,,,,,,,,,,,,,,,,,,,,,
,,,,,,,,,,,,,,,,,,,,,,,,,,,,,,,,,,,,,,,,
,,,,,,,,,,,,,,,,,,,,,,,,,,,,,,,,,,,,,,,,
,,,,,,,,,,,,,,,,,,,,,,,,,,,,,,,,,,,,,,,,
,,,,,,,,,,,,,,,,,,,,,,,,,,,,,,,,,,,,,,,,
,,,,,,,,,,,,,,,,,,,,,,,,,,,,,,,,,,,,,,,,
,,,,,,,,,,,,,,,,,,,,,,,,,,,,,,,,,,,,,,,,
,,,,,,,,,,,,,,,,,,,,,,,,,,,,,,,,,,,,,,,,
,,,,,,,,,,,,,,,,,,,,,,,,,,,,,,,,,,,,,,,,
,,,,,,,,,,,,,,,,,,,,,,,,,,,,,,,,,,,,,,,,
,,,,,,,,,,,,,,,,,,,,,,,,,,,,,,,,,,,,,,,,
,,,,,,,,,,,,,,,,,,,,,,,,,,,,,,,,,,,,,,,,
,,,,,,,,,,,,,,,,,,,,,,,,,,,,,,,,,,,,,,,,
,,,,,,,,,,,,,,,,,,,,,,,,,,,,,,,,,,,,,,,,
,,,,,,,,,,,,,,,,,,,,,,,,,,,,,,,,,,,,,,,,
,,,,,,,,,,,,,,,,,,,,,,,,,,,,,,,,,,,,,,,,
,,,,,,,,,,,,,,,,,,,,,,,,,,,,,,,,,,,,,,,,
,,,,,,,,,,,,,,,,,,,,,,,,,,,,,,,,,,,,,,,,
,,,,,,,,,,,,,,,,,,,,,,,,,,,,,,,,,,,,,,,,
,,,,,,,,,,,,,,,,,,,,,,,,,,,,,,,,,,,,,,,,
,,,,,,,,,,,,,,,,,,,,,,,,,,,,,,,,,,,,,,,,
,,,,,,,,,,,,,,,,,,,,,,,,,,,,,,,,,,,,,,,,
,,,,,,,,,,,,,,,,,,,,,,,,,,,,,,,,,,,,,,,,
,,,,,,,,,,,,,,,,,,,,,,,,,,,,,,,,,,,,,,,,
,,,,,,,,,,,,,,,,,,,,,,,,,,,,,,,,,,,,,,,,
,,,,,,,,,,,,,,,,,,,,,,,,,,,,,,,,,,,,,,,,
,,,,,,,,,,,,,,,,,,,,,,,,,,,,,,,,,,,,,,,,
,,,,,,,,,,,,,,,,,,,,,,,,,,,,,,,,,,,,,,,,
,,,,,,,,,,,,,,,,,,,,,,,,,,,,,,,,,,,,,,,,
,,,,,,,,,,,,,,,,,,,,,,,,,,,,,,,,,,,,,,,,
,,,,,,,,,,,,,,,,,,,,,,,,,,,,,,,,,,,,,,,,
,,,,,,,,,,,,,,,,,,,,,,,,,,,,,,,,,,,,,,,,
,,,,,,,,,,,,,,,,,,,,,,,,,,,,,,,,,,,,,,,,
,,,,,,,,,,,,,,,,,,,,,,,,,,,,,,,,,,,,,,,,
,,,,,,,,,,,,,,,,,,,,,,,,,,,,,,,,,,,,,,,,
,,,,,,,,,,,,,,,,,,,,,,,,,,,,,,,,,,,,,,,,
,,,,,,,,,,,,,,,,,,,,,,,,,,,,,,,,,,,,,,,,
,,,,,,,,,,,,,,,,,,,,,,,,,,,,,,,,,,,,,,,,
,,,,,,,,,,,,,,,,,,,,,,,,,,,,,,,,,,,,,,,,
,,,,,,,,,,,,,,,,,,,,,,,,,,,,,,,,,,,,,,,,
,,,,,,,,,,,,,,,,,,,,,,,,,,,,,,,,,,,,,,,,
,,,,,,,,,,,,,,,,,,,,,,,,,,,,,,,,,,,,,,,,
,,,,,,,,,,,,,,,,,,,,,,,,,,,,,,,,,,,,,,,,
,,,,,,,,,,,,,,,,,,,,,,,,,,,,,,,,,,,,,,,,
,,,,,,,,,,,,,,,,,,,,,,,,,,,,,,,,,,,,,,,,
,,,,,,,,,,,,,,,,,,,,,,,,,,,,,,,,,,,,,,,,
,,,,,,,,,,,,,,,,,,,,,,,,,,,,,,,,,,,,,,,,
,,,,,,,,,,,,,,,,,,,,,,,,,,,,,,,,,,,,,,,,
,,,,,,,,,,,,,,,,,,,,,,,,,,,,,,,,,,,,,,,,
,,,,,,,,,,,,,,,,,,,,,,,,,,,,,,,,,,,,,,,,
,,,,,,,,,,,,,,,,,,,,,,,,,,,,,,,,,,,,,,,,
,,,,,,,,,,,,,,,,,,,,,,,,,,,,,,,,,,,,,,,,
,,,,,,,,,,,,,,,,,,,,,,,,,,,,,,,,,,,,,,,,
,,,,,,,,,,,,,,,,,,,,,,,,,,,,,,,,,,,,,,,,
,,,,,,,,,,,,,,,,,,,,,,,,,,,,,,,,,,,,,,,,
,,,,,,,,,,,,,,,,,,,,,,,,,,,,,,,,,,,,,,,,
,,,,,,,,,,,,,,,,,,,,,,,,,,,,,,,,,,,,,,,,
,,,,,,,,,,,,,,,,,,,,,,,,,,,,,,,,,,,,,,,,
,,,,,,,,,,,,,,,,,,,,,,,,,,,,,,,,,,,,,,,,
,,,,,,,,,,,,,,,,,,,,,,,,,,,,,,,,,,,,,,,,
,,,,,,,,,,,,,,,,,,,,,,,,,,,,,,,,,,,,,,,,
,,,,,,,,,,,,,,,,,,,,,,,,,,,,,,,,,,,,,,,,
,,,,,,,,,,,,,,,,,,,,,,,,,,,,,,,,,,,,,,,,
,,,,,,,,,,,,,,,,,,,,,,,,,,,,,,,,,,,,,,,,
,,,,,,,,,,,,,,,,,,,,,,,,,,,,,,,,,,,,,,,,
,,,,,,,,,,,,,,,,,,,,,,,,,,,,,,,,,,,,,,,,
,,,,,,,,,,,,,,,,,,,,,,,,,,,,,,,,,,,,,,,,
,,,,,,,,,,,,,,,,,,,,,,,,,,,,,,,,,,,,,,,,
,,,,,,,,,,,,,,,,,,,,,,,,,,,,,,,,,,,,,,,,
,,,,,,,,,,,,,,,,,,,,,,,,,,,,,,,,,,,,,,,,
,,,,,,,,,,,,,,,,,,,,,,,,,,,,,,,,,,,,,,,,
,,,,,,,,,,,,,,,,,,,,,,,,,,,,,,,,,,,,5,,,,
,,,,,,,,,,,,,,,,,,,,,,,,,,,,,,,,,,,,,,,,
,,,,,,,,,,,,,,,,,,,,,,,,,,,,,,,,,,,,,,,,
,,,,,,,,,,,,,,,,,,,,,,,,,,,,,,,,,,,,,,,,
,,,,,,,,,,,,,,,,,,,,,,,,,,,,,,,,,,,,,,,,
,,,,,,,,,,,,,,,,,,,,,,,,,,,,,,,,,,,,,,,,
,,,,,,,,,,,,,,,,,,,,,,,,,,,,,,,,,,,,,,,,
,,,,,,,,,,,,,,,,,,,,,,,,,,,,,,,,,,,,,,,,
,,,,,,,,,,,,,,,,,,,,,,,,,,,,,,,,,,,,,,,,
,,,,,,,,,,,,,,,,,,,,,,,,,,,,,,,,,,,,,,,,
,,,,,,,,,,,,,,,,,,,,,,,,,,,,,,,,,,,,,,,,
,,,,,,,,,,,,,,,,,,,,,,,,,,,,,,,,,,,,,,,,
,,,,,,,,,,,,,,,,,,,,,,,,,,,,,,,,,,,,,,,,
,,,,,,,,,,,,,,,,,,,,,,,,,,,,,,,,,,,,,,,,
,,,,,,,,,,,,,,,,,,,,,,,,,,,,,,,,,,,,,,,,
,,,,,,,,,,,,,,,,,,,,,,,,,,,,,,,,,,,,,,,,
,,,,,,,,,,,,,,,,,,,,,,,,,,,,,,,,,,,,,,,,
,,,,,,,,,,,,,,,,,,,,,,,,,,,,,,,,,,,,,,,,
,,,,,,,,,,,,,,,,,,,,,,,,,,,,,,,,,,,,,,,,
,,,,,,,,,,,,,,,,,,,,,,,,,,,,,,,,,,,,,,,,
,,,,,,,,,,,,,,,,,,,,,,,,,,,,,,,,,,,,,,,,
,,,,,,,,,,,,,,,,,,,,,,,,,,,,,,,,,,,,,,,,
,,,,,,,,,,,,,,,,,,,,,,,,,,,,,,,,,,,,,,,,
,,,,,,,,,,,,,,,,,,,,,,,,,,,,,,,,,,,,,,,,
,,,,,,,,,,,,,,,,,,,,,,,,,,,,,,,,,,,,,,,,
,,,,,,,,,,,,,,,,,,,,,,,,,,,,,,,,,,,,,,,,
,,,,,,,,,,,,,,,,,,,,,,,,,,,,,,,,,,,,,,,,
,,,,,,,,,,,,,,,,,,,,,,,,,,,,,,,,,,,,,,,,
,,,,,,,,,,,,,,,,,,,,,,,,,,,,,,,,,,,,,,,,
,,,,,,,,,,,,,,,,,,,,,,,,,,,,,,,,,,,,,,,,
,,,,,,,,,,,,,,,,,,,,,,,,,,,,,,,,,,,,,,,,
,,,,,,,,,,,,,,,,,,,,,,,,,,,,,,,,,,,,,,,,
,,,,,,,,,,,,,,,,,,,,,,,,,,,,,,,,,,,,,,,,
,,,,,,,,,,,,,,,,,,,,,,,,,,,,,,,,,,,,,,,,
,,,,,,,,,,,,,,,,,,,,,,,,,,,,,,,,,,,,,,,,
,,,,,,,,,,,,,,,,,,,,,,,,,,,,,,,,,,,,,,,,
,,,,,,,,,,,,,,,,,,,,,,,,,,,,,,,,,,,,,,,,
,,,,,,,,,,,,,,,,,,,,,,,,,,,,,,,,,,,,,,,,
,,,,,,,,,,,,,,,,,,,,,,,,,,,,,,,,,,,,,,,,
,,,,,,,,,,,,,,,,,,,,,,,,,,,,,,,,,,,,,,,,
,,,,,,,,,,,,,,,,,,,,,,,,,,,,,,,,,,,,,,,,
,,,,,,,,,,,,,,,,,,,,,,,,,,,,,,,,,,,,,,,,
,,,,,,,,,,,,,,,,,,,,,,,,,,,,,,,,,,,,,,,,
,,,,,,,,,,,,,,,,,,,,,,,,,,,,,,,,,,,,,,,,
,,,,,,,,,,,,,,,,,,,,,,,,,,,,,,,,,,,,,,,,
,,,,,,,,,,,,,,,,,,,,,,,,,,,,,,,,,,,,,,,,
,,,,,,,,,,,,,,,,,,,,,,,,,,,,,,,,,,,,,,,,
,,,,,,,,,,,,,,,,,,,,,,,,,,,,,,,,,,,,,,,,
,,,,,,,,,,,,,,,,,,,,,,,,,,,,,,,,,,,,,,,,
,,,,,,,,,,,,,,,,,,,,,,,,,,,,,,,,,,,,,,,,
,,,,,,,,,,,,,,,,,,,,,,,,,,,,,,,,,,,,,,,,
,,,,,,,,,,,,,,,,,,,,,,,,,,,,,,,,,,,,,,,,
,,,,,,,,,,,,,,,,,,,,,,,,,,,,,,,,,,,,,,,,
,,,,,,,,,,,,,,,,,,,,,,,,,,,,,,,,,,,,,,,,
,,,,,,,,,,,,,,,,,,,,,,,,,,,,,,,,,,,,,,,,
,,,,,,,,,,,,,,,,,,,,,,,,,,,,,,,,,,,,,,,,
,,,,,,,,,,,,,,,,,,,,,,,,,,,,,,,,,,,,,,,,
,,,,,,,,,,,,,,,,,,,,,,,,,,,,,,,,,,,,,,,,
,,,,,,,,,,,,,,,,,,,,,,,,,,,,,,,,,,,,,,,,
,,,,,,,,,,,,,,,,,,,,,,,,,,,,,,,,,,,,,,,,
,,,,,,,,,,,,,,,,,,,,,,,,,,,,,,,,,,,,,,,,
,,,,,,,,,,,,,,,,,,,,,,,,,,,,,,,,,,,,,,,,
,,,,,,,,,,,,,,,,,,,,,,,,,,,,,,,,,,,,,,,,
,,,,,,,,,,,,,,,,,,,,,,,,,,,,,,,,,,,,,,,,
,,,,,,,,,,,,,,,,,,,,,,,,,,,,,,,,,,,,,,,,
,,,,,,,,,,,,,,,,,,,,,,,,,,,,,,,,,,,,,,,,
,,,,,,,,,,,,,,,,,,,,,,,,,,,,,,,,,,,,,,,,
,,,,,,,,,,,,,,,,,,,,,,,,,,,,,,,,,,,,,,,,
,,,,,,,,,,,,,,,,,,,,,,,,,,,,,,,,,,,,,,,,
,,,,,,,,,,,,,,,,,,,,,,,,,,,,,,,,,,,,,,,,
,,,,,,,,,,,,,,,,,,,,,,,,,,,,,,,,,,,,,,,,
,,,,,,,,,,,,,,,,,,,,,,,,,,,,,,,,,,,,,,,,
,,,,,,,,,,,,,,,,,,,,,,,,,,,,,,,,,,,,,,,,
,,,,,,,,,,,,,,,,,,,,,,,,,,,,,,,,,,,,,,,,
,,,,,,,,,,,,,,,,,,,,,,,,,,,,,,,,,,,,,,,,
,,,,,,,,,,,,,,,,,,,,,,,,,,,,,,,,,,,,5,,,,